-- MySQL dump 10.14  Distrib 5.5.44-MariaDB, for Linux (x86_64)
--
-- Host: localhost    Database: mathrelay3
-- ------------------------------------------------------
-- Server version	5.5.44-MariaDB

/*!40101 SET @OLD_CHARACTER_SET_CLIENT=@@CHARACTER_SET_CLIENT */;
/*!40101 SET @OLD_CHARACTER_SET_RESULTS=@@CHARACTER_SET_RESULTS */;
/*!40101 SET @OLD_COLLATION_CONNECTION=@@COLLATION_CONNECTION */;
/*!40101 SET NAMES utf8 */;
/*!40103 SET @OLD_TIME_ZONE=@@TIME_ZONE */;
/*!40103 SET TIME_ZONE='+00:00' */;
/*!40014 SET @OLD_UNIQUE_CHECKS=@@UNIQUE_CHECKS, UNIQUE_CHECKS=0 */;
/*!40014 SET @OLD_FOREIGN_KEY_CHECKS=@@FOREIGN_KEY_CHECKS, FOREIGN_KEY_CHECKS=0 */;
/*!40101 SET @OLD_SQL_MODE=@@SQL_MODE, SQL_MODE='NO_AUTO_VALUE_ON_ZERO' */;
/*!40111 SET @OLD_SQL_NOTES=@@SQL_NOTES, SQL_NOTES=0 */;

--
-- Table structure for table `admin_log`
--

DROP TABLE IF EXISTS `admin_log`;
/*!40101 SET @saved_cs_client     = @@character_set_client */;
/*!40101 SET character_set_client = utf8 */;
CREATE TABLE `admin_log` (
  `team_id` int(8) NOT NULL,
  `timestamp` varchar(35) NOT NULL,
  `question_number` int(8) NOT NULL,
  `award` int(8) NOT NULL,
  `total` int(8) NOT NULL
) ENGINE=InnoDB DEFAULT CHARSET=latin1;
/*!40101 SET character_set_client = @saved_cs_client */;

--
-- Dumping data for table `admin_log`
--

LOCK TABLES `admin_log` WRITE;
/*!40000 ALTER TABLE `admin_log` DISABLE KEYS */;
INSERT INTO `admin_log` VALUES (38,'1459373263',1,10,10),(3,'1459373310',1,10,10),(4,'1459373329',1,10,10),(31,'1459373330',2,8,8),(7,'1459373330',1,8,8),(26,'1459373339',6,10,10),(15,'1459373341',1,10,10),(30,'1459373342',1,10,10),(24,'1459373347',1,8,8),(16,'1459373348',1,10,10),(27,'1459373354',1,8,8),(21,'1459373355',1,10,10),(28,'1459373361',1,10,10),(30,'1459373367',6,10,20),(35,'1459373376',1,8,8),(20,'1459373379',2,10,10),(17,'1459373382',1,10,10),(2,'1459373384',1,10,10),(7,'1459373386',2,10,18),(26,'1459373391',8,10,20),(39,'1459373396',1,8,8),(25,'1459373398',1,10,10),(10,'1459373400',1,10,10),(6,'1459373402',1,8,8),(7,'1459373406',3,10,28),(34,'1459373410',2,8,8),(13,'1459373414',2,10,10),(32,'1459373418',11,10,10),(30,'1459373418',14,10,30),(28,'1459373420',24,10,20),(6,'1459373421',2,8,16),(16,'1459373422',8,10,20),(33,'1459373423',1,8,8),(36,'1459373424',1,10,10),(42,'1459373426',1,10,10),(27,'1459373430',2,8,16),(15,'1459373432',2,8,18),(22,'1459373435',1,8,8),(31,'1459373435',4,10,18),(41,'1459373442',1,10,10),(10,'1459373444',3,10,20),(17,'1459373449',2,8,18),(37,'1459373450',4,10,10),(11,'1459373452',3,10,10),(2,'1459373453',2,6,16),(26,'1459373454',1,8,28),(9,'1459373457',1,8,8),(32,'1459373458',8,10,20),(10,'1459373462',6,10,30),(16,'1459373463',9,10,30),(4,'1459373464',2,10,20),(14,'1459373470',1,8,8),(32,'1459373474',9,10,30),(21,'1459373477',2,10,20),(34,'1459373478',3,10,18),(39,'1459373479',11,10,18),(1,'1459373480',1,10,10),(19,'1459373480',1,8,8),(40,'1459373480',9,10,10),(3,'1459373486',3,8,18),(23,'1459373486',32,10,10),(27,'1459373496',4,10,26),(4,'1459373496',6,10,30),(11,'1459373496',1,8,18),(13,'1459373497',1,4,14),(9,'1459373502',4,10,18),(41,'1459373506',2,10,20),(8,'1459373509',1,10,10),(12,'1459373519',14,10,10),(34,'1459373520',17,10,28),(33,'1459373523',2,8,16),(24,'1459373525',3,6,14),(41,'1459373526',6,10,30),(4,'1459373527',7,10,40),(15,'1459373527',3,10,28),(35,'1459373529',8,10,18),(14,'1459373530',2,10,18),(42,'1459373534',34,10,20),(36,'1459373535',24,10,20),(6,'1459373536',9,10,26),(12,'1459373537',10,10,20),(17,'1459373537',4,10,28),(33,'1459373538',9,10,26),(32,'1459373542',20,10,40),(2,'1459373543',4,10,26),(26,'1459373546',17,10,38),(7,'1459373548',5,10,38),(31,'1459373551',20,10,28),(18,'1459373552',15,4,4),(4,'1459373553',11,10,50),(39,'1459373554',2,8,26),(12,'1459373558',3,10,30),(20,'1459373558',4,8,18),(23,'1459373564',2,10,20),(24,'1459373566',6,10,24),(10,'1459373570',17,10,40),(38,'1459373575',2,6,16),(40,'1459373579',3,10,20),(32,'1459373579',24,10,50),(26,'1459373579',16,10,48),(14,'1459373582',8,10,28),(27,'1459373582',6,10,36),(30,'1459373583',17,10,40),(31,'1459373587',11,10,38),(34,'1459373588',1,8,36),(6,'1459373589',14,10,36),(38,'1459373592',5,10,26),(16,'1459373592',10,10,40),(28,'1459373592',17,10,30),(33,'1459373594',3,10,36),(8,'1459373595',2,10,20),(24,'1459373601',4,10,34),(16,'1459373602',14,10,50),(28,'1459373603',9,10,40),(31,'1459373604',1,8,46),(14,'1459373607',40,10,38),(30,'1459373608',9,10,50),(16,'1459373612',11,10,60),(6,'1459373620',3,10,46),(15,'1459373622',9,10,38),(38,'1459373623',14,10,36),(3,'1459373623',2,8,26),(35,'1459373630',9,10,28),(11,'1459373631',11,10,28),(28,'1459373633',18,10,50),(34,'1459373633',9,10,46),(33,'1459373634',6,10,46),(42,'1459373638',4,10,30),(9,'1459373639',14,10,28),(16,'1459373640',2,4,64),(38,'1459373640',9,10,46),(14,'1459373642',10,10,48),(40,'1459373642',11,10,30),(1,'1459373643',2,8,18),(12,'1459373644',16,10,40),(5,'1459373644',1,10,10),(33,'1459373645',11,10,56),(6,'1459373648',6,10,56),(28,'1459373650',4,10,60),(16,'1459373652',6,10,74),(4,'1459373656',14,10,60),(10,'1459373657',7,8,48),(33,'1459373657',13,10,66),(27,'1459373658',11,10,46),(25,'1459373659',17,10,20),(24,'1459373664',2,8,42),(14,'1459373665',3,8,56),(22,'1459373668',2,6,14),(35,'1459373668',3,10,38),(21,'1459373670',16,10,30),(17,'1459373672',37,10,38),(30,'1459373674',13,10,60),(39,'1459373676',3,8,34),(4,'1459373679',13,10,70),(12,'1459373679',13,10,50),(38,'1459373680',16,10,56),(27,'1459373681',9,10,56),(30,'1459373682',32,10,70),(9,'1459373684',3,10,38),(25,'1459373685',33,6,26),(32,'1459373686',10,10,60),(22,'1459373688',3,10,24),(23,'1459373689',14,10,30),(3,'1459373689',9,10,36),(15,'1459373690',8,10,48),(5,'1459373697',6,10,20),(40,'1459373698',2,8,38),(16,'1459373701',13,10,84),(34,'1459373704',24,10,56),(33,'1459373707',10,10,76),(36,'1459373708',11,10,30),(6,'1459373712',10,10,66),(23,'1459373718',3,8,38),(41,'1459373719',8,10,40),(33,'1459373720',8,8,84),(19,'1459373720',9,8,16),(1,'1459373720',3,8,26),(21,'1459373721',17,10,40),(8,'1459373722',3,10,30),(24,'1459373722',13,10,52),(27,'1459373723',13,10,66),(34,'1459373725',20,6,62),(31,'1459373726',24,10,56),(1,'1459373731',6,10,36),(22,'1459373734',34,10,34),(41,'1459373736',16,10,50),(11,'1459373736',10,10,38),(27,'1459373737',14,10,76),(20,'1459373739',11,10,28),(14,'1459373740',6,10,66),(40,'1459373741',14,10,48),(33,'1459373746',16,10,94),(41,'1459373749',9,10,60),(16,'1459373754',3,6,90),(17,'1459373755',6,10,48),(28,'1459373757',6,10,70),(11,'1459373758',32,10,48),(5,'1459373758',20,10,30),(41,'1459373759',11,10,70),(16,'1459373763',17,10,100),(6,'1459373763',19,10,76),(9,'1459373764',8,8,46),(12,'1459373766',9,10,60),(4,'1459373766',16,10,80),(1,'1459373769',11,10,46),(37,'1459373772',6,10,20),(38,'1459373772',7,6,62),(25,'1459373774',2,4,30),(6,'1459373776',11,10,86),(4,'1459373777',4,10,90),(31,'1459373777',17,10,66),(9,'1459373779',20,10,56),(1,'1459373781',10,10,56),(34,'1459373781',30,10,72),(30,'1459373787',34,8,78),(40,'1459373788',17,10,58),(4,'1459373790',20,10,100),(23,'1459373793',23,10,48),(9,'1459373794',22,10,66),(38,'1459373794',6,10,72),(30,'1459373797',18,10,88),(28,'1459373797',10,10,80),(11,'1459373798',2,8,56),(3,'1459373798',8,8,44),(40,'1459373800',6,10,68),(35,'1459373803',39,10,48),(15,'1459373803',4,10,58),(29,'1459373804',14,10,10),(33,'1459373804',7,10,104),(38,'1459373804',20,10,82),(27,'1459373809',3,10,86),(4,'1459373813',23,10,110),(14,'1459373816',39,10,76),(20,'1459373817',3,8,36),(23,'1459373817',31,10,58),(6,'1459373824',13,10,96),(11,'1459373824',16,10,66),(34,'1459373825',13,8,80),(36,'1459373825',22,10,40),(4,'1459373827',24,10,120),(37,'1459373830',14,10,30),(29,'1459373830',16,10,20),(27,'1459373831',8,10,96),(14,'1459373831',9,10,86),(16,'1459373831',34,10,110),(20,'1459373833',17,10,46),(18,'1459373834',27,4,8),(34,'1459373835',25,10,90),(33,'1459373838',17,10,114),(30,'1459373840',33,10,98),(26,'1459373842',2,8,56),(28,'1459373843',33,10,90),(29,'1459373844',15,10,30),(34,'1459373845',34,10,100),(21,'1459373847',11,10,50),(14,'1459373850',4,8,94),(27,'1459373851',16,10,106),(25,'1459373852',9,10,40),(32,'1459373855',5,10,70),(34,'1459373856',37,10,110),(31,'1459373857',29,10,76),(6,'1459373857',5,10,106),(41,'1459373857',17,10,80),(16,'1459373861',31,10,120),(8,'1459373863',6,10,40),(21,'1459373864',9,10,60),(38,'1459373864',3,10,92),(36,'1459373865',10,10,50),(34,'1459373867',40,10,120),(40,'1459373867',34,10,78),(4,'1459373867',17,10,130),(30,'1459373868',2,8,106),(25,'1459373869',19,10,50),(32,'1459373872',13,10,80),(18,'1459373875',16,10,18),(30,'1459373877',5,10,116),(35,'1459373878',18,10,58),(25,'1459373880',37,8,58),(7,'1459373880',17,10,48),(20,'1459373884',16,8,54),(28,'1459373885',35,10,100),(41,'1459373886',4,10,90),(5,'1459373889',37,10,40),(34,'1459373889',22,10,130),(22,'1459373891',11,10,44),(26,'1459373894',32,10,66),(35,'1459373895',37,10,68),(3,'1459373899',17,10,54),(34,'1459373900',32,10,140),(29,'1459373900',13,8,38),(20,'1459373900',14,10,64),(15,'1459373903',10,10,68),(18,'1459373903',1,4,22),(7,'1459373905',9,10,58),(2,'1459373911',6,6,32),(33,'1459373916',20,10,124),(5,'1459373916',17,10,50),(26,'1459373916',14,10,76),(39,'1459373919',14,6,40),(32,'1459373920',35,10,90),(30,'1459373921',36,10,126),(7,'1459373923',10,10,68),(3,'1459373923',10,10,64),(13,'1459373923',11,8,22),(42,'1459373924',6,10,40),(22,'1459373925',37,10,54),(26,'1459373926',15,10,86),(20,'1459373927',29,8,72),(36,'1459373928',14,10,60),(28,'1459373933',11,10,110),(32,'1459373935',34,10,100),(26,'1459373935',24,10,96),(6,'1459373935',18,10,116),(7,'1459373936',14,10,78),(36,'1459373941',29,10,70),(25,'1459373942',30,10,68),(16,'1459373948',33,10,130),(26,'1459373948',19,10,106),(37,'1459373948',1,10,40),(35,'1459373949',17,10,78),(19,'1459373950',3,8,24),(32,'1459373951',37,10,110),(9,'1459373952',13,6,72),(21,'1459373952',33,10,70),(18,'1459373955',18,10,32),(1,'1459373956',4,8,64),(27,'1459373957',19,10,116),(28,'1459373957',22,10,120),(26,'1459373959',35,10,116),(10,'1459373959',33,10,58),(13,'1459373960',9,10,32),(5,'1459373962',25,10,60),(25,'1459373962',20,10,78),(24,'1459373963',20,10,62),(21,'1459373963',34,10,80),(14,'1459373964',29,10,104),(38,'1459373965',29,10,102),(1,'1459373966',17,10,74),(19,'1459373967',13,8,32),(32,'1459373969',1,8,118),(8,'1459373969',9,10,50),(29,'1459373973',35,10,48),(25,'1459373973',15,10,88),(7,'1459373975',15,10,88),(12,'1459373976',18,10,70),(3,'1459373976',16,8,72),(36,'1459373977',35,10,80),(41,'1459373978',23,10,100),(39,'1459373980',22,10,50),(22,'1459373981',23,10,64),(24,'1459373981',17,10,72),(33,'1459373981',18,10,134),(40,'1459373982',4,10,88),(32,'1459373983',27,8,126),(28,'1459373983',30,10,130),(4,'1459373986',40,10,140),(10,'1459373986',28,10,68),(7,'1459373987',19,10,98),(25,'1459373987',39,10,98),(14,'1459373987',11,10,114),(9,'1459373988',17,10,82),(37,'1459373991',34,10,50),(33,'1459373992',24,10,144),(31,'1459373992',19,10,86),(15,'1459373994',6,10,78),(39,'1459373997',40,10,60),(32,'1459374000',25,10,136),(25,'1459374000',11,10,108),(37,'1459374002',29,10,60),(16,'1459374005',27,8,138),(15,'1459374005',15,10,88),(39,'1459374007',37,10,70),(21,'1459374008',6,10,90),(5,'1459374010',30,10,70),(11,'1459374011',13,10,76),(27,'1459374014',5,10,126),(24,'1459374014',9,10,82),(18,'1459374015',6,10,42),(6,'1459374018',23,10,126),(34,'1459374020',27,8,148),(27,'1459374023',17,10,136),(14,'1459374027',31,10,124),(23,'1459374028',17,10,68),(16,'1459374031',19,10,148),(31,'1459374034',8,10,96),(29,'1459374035',29,10,58),(37,'1459374035',30,10,70),(30,'1459374038',12,6,132),(27,'1459374039',23,10,146),(9,'1459374042',25,10,92),(8,'1459374044',10,10,60),(24,'1459374045',7,8,90),(12,'1459374048',34,10,80),(11,'1459374048',17,8,84),(27,'1459374049',22,10,156),(16,'1459374050',12,8,156),(29,'1459374050',19,8,66),(7,'1459374055',6,10,108),(36,'1459374055',8,10,90),(41,'1459374056',13,8,108),(20,'1459374056',8,6,78),(34,'1459374056',38,10,158),(32,'1459374059',19,10,146),(27,'1459374060',24,10,166),(23,'1459374060',34,10,78),(22,'1459374061',4,10,74),(42,'1459374061',10,10,50),(6,'1459374065',7,8,134),(30,'1459374066',28,8,140),(37,'1459374068',10,10,80),(25,'1459374069',21,10,118),(19,'1459374070',24,10,42),(35,'1459374071',35,10,88),(31,'1459374073',35,10,106),(12,'1459374080',1,8,88),(25,'1459374081',31,10,128),(28,'1459374082',34,8,138),(9,'1459374087',24,10,102),(15,'1459374087',24,10,98),(12,'1459374090',6,10,98),(28,'1459374091',19,10,148),(32,'1459374093',16,10,156),(8,'1459374093',11,10,70),(31,'1459374098',27,8,114),(15,'1459374098',23,10,108),(28,'1459374100',38,10,158),(19,'1459374101',40,10,52),(7,'1459374102',11,8,116),(16,'1459374105',20,10,166),(30,'1459374109',4,2,142),(37,'1459374112',16,10,90),(5,'1459374112',32,10,80),(10,'1459374113',32,10,78),(34,'1459374113',18,8,166),(41,'1459374114',14,10,118),(11,'1459374114',19,10,94),(32,'1459374114',14,10,166),(26,'1459374117',23,10,126),(30,'1459374117',22,10,152),(2,'1459374118',8,8,40),(42,'1459374118',14,10,60),(31,'1459374119',32,10,124),(12,'1459374121',37,10,108),(36,'1459374121',3,8,98),(15,'1459374122',5,10,118),(28,'1459374123',29,10,168),(29,'1459374123',39,10,76),(14,'1459374124',32,10,134),(17,'1459374125',19,10,58),(10,'1459374127',31,8,86),(32,'1459374128',39,10,176),(7,'1459374128',16,10,126),(3,'1459374131',32,10,82),(28,'1459374133',14,10,178),(29,'1459374134',24,10,86),(33,'1459374136',4,10,154),(21,'1459374136',22,10,100),(31,'1459374140',14,10,134),(35,'1459374146',6,10,98),(29,'1459374147',8,10,96),(37,'1459374147',2,8,98),(19,'1459374149',6,10,62),(12,'1459374151',22,10,118),(39,'1459374152',32,10,80),(24,'1459374153',27,8,98),(25,'1459374153',16,10,138),(27,'1459374155',35,10,176),(26,'1459374156',31,8,134),(33,'1459374157',28,10,164),(21,'1459374158',4,8,108),(29,'1459374159',21,10,106),(30,'1459374160',7,8,160),(3,'1459374160',5,10,92),(7,'1459374161',21,10,136),(6,'1459374163',4,10,144),(38,'1459374163',32,10,112),(25,'1459374167',23,10,148),(26,'1459374168',13,8,142),(34,'1459374169',33,10,176),(1,'1459374170',20,10,84),(13,'1459374172',34,10,42),(31,'1459374173',39,10,144),(6,'1459374174',16,10,154),(33,'1459374175',19,10,174),(40,'1459374176',20,6,94),(38,'1459374177',4,10,122),(17,'1459374178',17,10,68),(18,'1459374178',2,6,48),(3,'1459374178',14,10,102),(5,'1459374181',18,10,90),(1,'1459374181',18,10,94),(34,'1459374182',29,10,186),(25,'1459374183',40,10,158),(29,'1459374184',27,10,116),(28,'1459374189',39,10,188),(30,'1459374189',39,10,170),(34,'1459374190',4,10,196),(40,'1459374191',1,8,102),(21,'1459374193',24,10,118),(38,'1459374195',34,10,132),(1,'1459374197',14,10,104),(35,'1459374198',16,10,108),(12,'1459374198',8,10,128),(29,'1459374199',1,8,124),(3,'1459374199',4,10,112),(21,'1459374202',13,8,126),(26,'1459374204',28,10,152),(18,'1459374204',9,10,58),(38,'1459374204',10,10,142),(42,'1459374205',20,10,70),(21,'1459374212',31,10,136),(15,'1459374215',20,10,128),(34,'1459374220',6,10,206),(1,'1459374221',16,10,114),(12,'1459374221',2,6,134),(25,'1459374222',28,10,168),(29,'1459374222',34,10,134),(40,'1459374224',8,10,112),(27,'1459374225',25,10,186),(15,'1459374225',14,10,138),(34,'1459374229',7,10,216),(14,'1459374230',24,10,144),(12,'1459374231',25,10,144),(42,'1459374234',18,10,80),(20,'1459374235',37,10,88),(5,'1459374237',22,10,100),(8,'1459374238',39,10,80),(28,'1459374242',2,6,194),(10,'1459374243',40,10,96),(38,'1459374245',22,10,152),(40,'1459374249',37,10,122),(20,'1459374252',23,10,98),(21,'1459374253',29,10,146),(10,'1459374254',39,10,106),(27,'1459374258',31,10,196),(16,'1459374261',39,10,176),(23,'1459374262',33,10,88),(25,'1459374264',8,10,178),(22,'1459374265',27,6,80),(16,'1459374268',40,10,186),(14,'1459374271',37,10,154),(20,'1459374272',39,10,108),(21,'1459374272',39,10,156),(39,'1459374273',28,8,88),(25,'1459374274',5,10,188),(10,'1459374277',20,8,114),(15,'1459374279',21,10,148),(19,'1459374281',34,10,72),(26,'1459374283',40,10,162),(29,'1459374287',6,8,142),(39,'1459374287',24,10,98),(6,'1459374291',15,10,164),(15,'1459374293',17,10,158),(17,'1459374294',22,10,78),(34,'1459374296',39,10,226),(25,'1459374299',4,10,198),(27,'1459374300',27,8,204),(29,'1459374300',38,10,152),(33,'1459374304',35,10,184),(32,'1459374305',33,10,186),(34,'1459374306',35,10,236),(4,'1459374307',33,10,150),(28,'1459374308',23,8,202),(8,'1459374311',15,10,90),(7,'1459374312',28,10,146),(9,'1459374313',11,10,112),(25,'1459374316',24,10,208),(36,'1459374316',12,6,104),(6,'1459374319',25,10,174),(41,'1459374323',3,8,126),(38,'1459374323',37,10,162),(35,'1459374325',11,10,118),(14,'1459374326',17,10,164),(13,'1459374328',17,8,50),(33,'1459374329',30,10,194),(39,'1459374330',35,6,104),(28,'1459374333',12,8,210),(20,'1459374334',6,8,116),(11,'1459374335',4,10,104),(5,'1459374336',38,8,108),(24,'1459374336',5,10,108),(40,'1459374337',29,10,132),(37,'1459374340',39,8,106),(35,'1459374341',29,10,128),(29,'1459374344',32,10,162),(10,'1459374345',22,10,124),(18,'1459374345',29,10,68),(36,'1459374345',15,10,114),(22,'1459374345',33,4,84),(21,'1459374348',30,10,166),(5,'1459374348',13,10,118),(27,'1459374351',39,8,212),(8,'1459374351',40,10,100),(12,'1459374352',28,6,150),(25,'1459374353',14,10,218),(33,'1459374355',40,10,204),(9,'1459374357',34,10,122),(38,'1459374358',23,10,172),(5,'1459374360',7,10,128),(13,'1459374361',16,10,60),(16,'1459374363',15,8,194),(26,'1459374363',29,10,172),(40,'1459374364',26,8,140),(6,'1459374364',33,10,184),(25,'1459374365',38,10,228),(35,'1459374365',34,10,138),(33,'1459374367',34,10,214),(27,'1459374369',33,10,222),(42,'1459374369',17,10,90),(3,'1459374370',11,10,122),(29,'1459374370',36,10,172),(28,'1459374374',3,6,216),(34,'1459374374',15,10,246),(24,'1459374375',22,10,118),(12,'1459374376',32,10,160),(4,'1459374377',34,10,160),(36,'1459374378',30,10,124),(25,'1459374379',13,8,236),(29,'1459374380',40,10,182),(19,'1459374381',4,10,82),(32,'1459374382',2,6,192),(39,'1459374383',29,10,114),(15,'1459374386',22,10,168),(42,'1459374387',31,10,100),(35,'1459374389',28,8,146),(17,'1459374391',33,10,88),(29,'1459374394',11,10,192),(22,'1459374394',10,8,92),(33,'1459374395',29,10,224),(39,'1459374396',17,10,124),(13,'1459374396',3,8,68),(25,'1459374397',6,10,246),(41,'1459374398',33,10,136),(8,'1459374398',13,8,108),(28,'1459374400',32,10,226),(19,'1459374403',28,10,92),(12,'1459374403',31,10,170),(27,'1459374405',38,10,232),(41,'1459374407',15,10,146),(36,'1459374407',18,10,134),(31,'1459374408',10,10,154),(38,'1459374408',17,10,182),(14,'1459374409',14,6,170),(26,'1459374409',7,10,182),(17,'1459374411',32,10,98),(25,'1459374413',18,10,256),(27,'1459374414',40,10,242),(1,'1459374418',32,10,124),(26,'1459374419',20,10,192),(24,'1459374420',35,10,128),(38,'1459374422',31,8,190),(25,'1459374423',34,10,266),(30,'1459374425',16,4,174),(24,'1459374428',34,10,138),(40,'1459374431',32,10,150),(11,'1459374431',6,10,114),(37,'1459374434',8,6,112),(31,'1459374437',7,10,164),(2,'1459374439',39,10,50),(42,'1459374440',8,10,110),(27,'1459374440',29,10,252),(32,'1459374446',32,10,202),(33,'1459374446',31,10,234),(26,'1459374448',5,10,202),(9,'1459374449',32,10,132),(25,'1459374449',7,8,274),(4,'1459374450',22,10,170),(28,'1459374450',28,8,234),(30,'1459374452',30,8,182),(6,'1459374453',35,10,194),(14,'1459374453',35,8,178),(12,'1459374458',40,10,180),(26,'1459374459',10,8,210),(21,'1459374461',35,10,176),(31,'1459374462',36,10,174),(22,'1459374465',9,6,98),(3,'1459374467',30,10,132),(18,'1459374468',30,10,78),(16,'1459374470',29,10,204),(28,'1459374470',16,10,244),(21,'1459374474',5,10,186),(38,'1459374474',38,10,200),(39,'1459374477',34,10,134),(34,'1459374481',36,10,256),(35,'1459374482',2,6,152),(20,'1459374482',7,10,126),(29,'1459374483',3,10,202),(32,'1459374485',29,10,212),(13,'1459374488',32,8,76),(8,'1459374489',8,10,118),(18,'1459374491',8,10,88),(34,'1459374492',19,10,266),(19,'1459374492',20,10,102),(26,'1459374492',37,10,220),(15,'1459374493',33,10,178),(40,'1459374493',18,10,160),(11,'1459374494',39,10,124),(28,'1459374495',15,10,254),(14,'1459374495',16,10,188),(3,'1459374496',34,8,140),(36,'1459374496',7,8,142),(31,'1459374497',9,10,184),(17,'1459374498',10,10,108),(5,'1459374500',31,10,138),(33,'1459374500',38,10,244),(22,'1459374503',30,6,104),(16,'1459374503',22,10,214),(28,'1459374506',31,10,264),(14,'1459374508',18,10,198),(29,'1459374511',30,10,212),(24,'1459374513',36,8,146),(42,'1459374513',24,10,120),(25,'1459374515',10,10,284),(15,'1459374516',31,10,188),(8,'1459374517',4,10,128),(1,'1459374518',27,6,130),(9,'1459374518',39,10,142),(7,'1459374523',30,10,156),(34,'1459374526',31,10,276),(29,'1459374526',4,10,222),(31,'1459374527',30,10,194),(16,'1459374528',7,8,222),(35,'1459374528',4,8,160),(38,'1459374531',36,10,210),(41,'1459374531',30,10,156),(1,'1459374531',29,10,140),(10,'1459374532',24,10,134),(29,'1459374534',17,10,232),(24,'1459374536',24,10,156),(36,'1459374537',32,10,152),(31,'1459374538',3,10,204),(11,'1459374540',22,10,134),(4,'1459374542',28,10,180),(17,'1459374543',39,8,116),(16,'1459374543',28,6,228),(38,'1459374544',8,8,218),(25,'1459374545',29,10,294),(39,'1459374546',7,10,144),(22,'1459374549',19,4,108),(28,'1459374551',36,4,268),(32,'1459374553',4,10,222),(23,'1459374555',38,10,98),(17,'1459374556',40,10,126),(26,'1459374556',3,8,228),(8,'1459374557',17,10,138),(6,'1459374559',31,10,204),(7,'1459374561',18,8,164),(28,'1459374561',20,10,278),(29,'1459374562',22,10,242),(41,'1459374564',19,10,166),(31,'1459374566',18,10,214),(35,'1459374568',30,10,170),(4,'1459374570',32,10,190),(24,'1459374570',15,10,166),(34,'1459374570',14,10,286),(22,'1459374572',25,4,112),(38,'1459374574',33,10,228),(16,'1459374575',35,10,238),(30,'1459374577',27,8,190),(11,'1459374578',28,10,144),(10,'1459374580',2,8,142),(42,'1459374581',16,8,128),(32,'1459374581',17,10,232),(18,'1459374582',4,8,96),(34,'1459374582',11,10,296),(27,'1459374584',20,10,262),(41,'1459374584',28,10,176),(1,'1459374585',13,8,148),(33,'1459374586',39,10,254),(9,'1459374589',7,10,152),(25,'1459374591',35,8,302),(42,'1459374592',11,10,138),(3,'1459374595',24,10,150),(30,'1459374597',40,10,200),(33,'1459374598',37,10,264),(31,'1459374599',37,10,224),(23,'1459374599',5,10,108),(5,'1459374601',39,10,148),(17,'1459374604',29,10,136),(35,'1459374604',31,10,180),(19,'1459374605',10,10,112),(7,'1459374606',27,8,172),(41,'1459374610',34,10,186),(36,'1459374611',19,10,162),(39,'1459374612',36,6,150),(12,'1459374612',4,10,190),(35,'1459374616',7,10,190),(29,'1459374617',18,10,252),(34,'1459374619',10,8,304),(12,'1459374619',15,10,200),(36,'1459374620',17,10,172),(4,'1459374620',18,10,200),(13,'1459374623',6,10,86),(2,'1459374624',37,10,60),(5,'1459374625',35,10,158),(20,'1459374626',15,10,136),(41,'1459374628',29,10,196),(12,'1459374628',24,10,210),(14,'1459374630',34,10,208),(34,'1459374630',16,10,314),(39,'1459374631',8,10,160),(11,'1459374632',9,10,154),(27,'1459374639',21,8,270),(32,'1459374639',28,6,238),(39,'1459374641',31,10,170),(15,'1459374641',38,8,196),(20,'1459374643',21,10,146),(16,'1459374645',36,10,248),(17,'1459374649',3,10,146),(30,'1459374652',21,8,208),(36,'1459374654',33,10,182),(41,'1459374654',22,10,206),(4,'1459374655',35,10,210),(32,'1459374658',7,10,248),(21,'1459374659',20,10,196),(18,'1459374659',38,8,104),(37,'1459374666',35,10,122),(3,'1459374666',35,10,160),(19,'1459374667',19,10,122),(10,'1459374669',14,8,150),(23,'1459374670',30,10,118),(7,'1459374670',35,10,182),(3,'1459374674',15,6,166),(38,'1459374678',12,10,238),(37,'1459374678',20,10,132),(41,'1459374678',39,10,216),(26,'1459374679',9,10,238),(8,'1459374683',5,10,148),(7,'1459374684',31,10,192),(16,'1459374689',5,8,256),(13,'1459374689',22,8,94),(32,'1459374689',6,10,258),(36,'1459374690',40,10,192),(37,'1459374692',7,10,142),(16,'1459374695',21,10,266),(2,'1459374698',10,10,70),(31,'1459374698',28,8,232),(9,'1459374700',6,10,162),(13,'1459374700',25,10,104),(27,'1459374702',30,10,280),(35,'1459374702',20,10,200),(22,'1459374703',29,8,120),(38,'1459374704',40,10,248),(37,'1459374705',21,10,152),(8,'1459374710',14,10,158),(21,'1459374710',14,10,206),(30,'1459374712',23,10,218),(38,'1459374712',25,10,258),(36,'1459374713',31,8,200),(17,'1459374716',20,10,156),(12,'1459374717',36,10,220),(16,'1459374721',24,8,274),(33,'1459374721',25,10,274),(12,'1459374724',11,10,230),(22,'1459374725',24,4,124),(34,'1459374728',21,6,320),(42,'1459374728',13,8,146),(6,'1459374729',27,8,212),(31,'1459374729',15,8,240),(1,'1459374731',12,8,156),(16,'1459374732',32,10,284),(4,'1459374734',37,8,218),(28,'1459374734',5,8,286),(12,'1459374736',35,10,240),(3,'1459374737',20,10,176),(18,'1459374737',20,8,112),(6,'1459374739',39,10,222),(31,'1459374739',6,10,250),(10,'1459374739',34,8,158),(17,'1459374740',28,8,164),(7,'1459374740',22,10,202),(41,'1459374741',24,10,226),(15,'1459374742',29,10,206),(32,'1459374743',30,10,268),(13,'1459374744',18,10,114),(4,'1459374745',3,8,226),(23,'1459374746',9,10,128),(34,'1459374747',28,6,326),(40,'1459374747',7,10,170),(19,'1459374748',23,10,132),(33,'1459374749',23,10,284),(38,'1459374752',39,8,266),(15,'1459374752',35,10,216),(17,'1459374753',34,10,174),(27,'1459374753',34,8,288),(26,'1459374753',34,10,248),(42,'1459374758',2,10,156),(15,'1459374760',34,10,226),(22,'1459374761',15,10,134),(20,'1459374764',38,8,154),(17,'1459374765',38,10,184),(30,'1459374765',38,10,228),(36,'1459374765',21,10,210),(25,'1459374765',22,10,312),(40,'1459374767',30,10,180),(7,'1459374769',39,10,212),(15,'1459374770',32,10,236),(35,'1459374771',36,8,208),(25,'1459374775',32,10,322),(4,'1459374779',39,10,236),(40,'1459374782',31,8,188),(22,'1459374783',39,10,144),(37,'1459374786',19,10,162),(3,'1459374787',28,8,184),(1,'1459374788',33,6,162),(18,'1459374789',39,6,118),(41,'1459374794',7,10,236),(12,'1459374796',29,10,250),(25,'1459374798',25,10,332),(1,'1459374798',22,10,172),(6,'1459374800',37,10,232),(38,'1459374801',35,8,274),(16,'1459374804',23,6,290),(2,'1459374804',30,10,80),(18,'1459374805',11,6,124),(22,'1459374808',12,6,150),(38,'1459374811',24,10,284),(16,'1459374811',18,10,300),(32,'1459374811',40,10,278),(11,'1459374813',30,10,164),(26,'1459374814',39,10,258),(42,'1459374815',28,8,164),(29,'1459374816',20,8,260),(27,'1459374817',15,10,298),(24,'1459374818',40,10,176),(18,'1459374819',32,10,134),(22,'1459374820',14,8,158),(21,'1459374820',10,10,216),(37,'1459374820',25,10,172),(36,'1459374821',20,10,220),(16,'1459374824',37,10,310),(35,'1459374824',33,10,218),(11,'1459374826',14,10,174),(27,'1459374826',18,8,306),(7,'1459374827',34,10,222),(10,'1459374830',11,10,168),(38,'1459374830',18,8,292),(2,'1459374831',36,10,90),(19,'1459374832',17,10,142),(31,'1459374832',12,8,258),(11,'1459374834',34,10,184),(21,'1459374835',21,10,226),(41,'1459374835',35,10,246),(13,'1459374836',19,6,120),(38,'1459374837',26,10,302),(16,'1459374838',16,10,320),(27,'1459374838',32,8,314),(34,'1459374840',8,10,336),(18,'1459374842',36,4,138),(13,'1459374843',39,6,126),(17,'1459374844',31,8,192),(23,'1459374845',39,10,138),(7,'1459374853',40,10,232),(28,'1459374854',21,10,296),(32,'1459374857',22,10,288),(18,'1459374858',40,4,142),(6,'1459374859',30,10,242),(19,'1459374859',35,10,152),(10,'1459374859',29,8,176),(8,'1459374861',32,10,168),(15,'1459374861',37,10,246),(42,'1459374862',29,10,174),(37,'1459374863',13,8,180),(7,'1459374866',4,10,242),(12,'1459374866',33,10,260),(1,'1459374867',38,10,182),(26,'1459374868',30,10,268),(29,'1459374868',28,8,268),(28,'1459374868',27,6,302),(10,'1459374869',8,10,186),(22,'1459374870',38,8,166),(34,'1459374870',23,6,342),(33,'1459374870',33,8,292),(30,'1459374871',25,8,236),(31,'1459374871',13,10,268),(20,'1459374873',35,10,164),(27,'1459374873',10,8,322),(19,'1459374876',14,10,162),(1,'1459374876',31,10,192),(29,'1459374877',25,10,278),(18,'1459374879',22,4,146),(11,'1459374880',8,2,186),(15,'1459374882',40,10,256),(34,'1459374884',12,2,344),(30,'1459374884',24,10,246),(26,'1459374885',38,10,278),(18,'1459374885',35,10,156),(7,'1459374886',23,10,252),(32,'1459374887',18,10,298),(28,'1459374889',37,8,310),(13,'1459374889',40,10,136),(35,'1459374890',38,10,228),(8,'1459374890',22,10,178),(39,'1459374891',13,8,178),(3,'1459374894',13,8,192),(33,'1459374894',14,8,300),(2,'1459374899',14,10,100),(18,'1459374899',13,2,158),(32,'1459374900',38,10,308),(10,'1459374900',27,10,196),(17,'1459374900',13,10,202),(29,'1459374901',37,10,288),(7,'1459374902',29,10,262),(11,'1459374905',18,10,196),(37,'1459374905',36,10,190);
/*!40000 ALTER TABLE `admin_log` ENABLE KEYS */;
UNLOCK TABLES;

--
-- Table structure for table `answer_key`
--

DROP TABLE IF EXISTS `answer_key`;
/*!40101 SET @saved_cs_client     = @@character_set_client */;
/*!40101 SET character_set_client = utf8 */;
CREATE TABLE `answer_key` (
  `series_number` int(8) NOT NULL,
  `level_number` int(8) NOT NULL,
  `correct_index` int(8) NOT NULL,
  `choice_2` varchar(32) NOT NULL,
  `choice_1` varchar(32) NOT NULL,
  `choice_3` varchar(32) NOT NULL,
  `choice_4` varchar(32) NOT NULL,
  `choice_5` varchar(32) NOT NULL,
  `choice_6` varchar(32) NOT NULL
) ENGINE=InnoDB DEFAULT CHARSET=utf8;
/*!40101 SET character_set_client = @saved_cs_client */;

--
-- Dumping data for table `answer_key`
--

LOCK TABLES `answer_key` WRITE;
/*!40000 ALTER TABLE `answer_key` DISABLE KEYS */;
INSERT INTO `answer_key` VALUES (1,1,1,'6','-6','-24','24','-11','11'),(1,2,5,'-192','-216','-96','48','96','192'),(1,3,2,'Quadratic','Horizontal','Positive','Negative','Linear','Vertical'),(2,1,2,'12','-12','√(194)','144','√(134)','194'),(2,2,4,'2','1','11','12','15','0'),(2,3,6,'(-∞,∞)','[-∞,-12]∪[-12,∞]','(-∞,12)∪(12,∞)','[-∞,∞]','(-∞-12]∪[-12,∞)','(-∞,-12)∪(-12,∞)'),(3,1,1,'8','4','10','12','16','20'),(3,2,2,'0','-64','5','24','48','180'),(3,3,5,'100','20','105','200','210','400'),(4,1,5,'-3','-6','2','3','6','10'),(4,2,5,'-48','-56','-36','-12','0','16'),(4,3,4,'1/6','0','.33334','1/3','2/3','3'),(5,1,1,'3','2','-7','-10','-12','-20.5'),(5,2,6,'-6','-8','4','6','6.5','8'),(5,3,2,'80','-80','80/3','85/3','-120','120'),(6,1,3,'1/10','1/20','1/5','3/10','7/20','11/20'),(6,2,4,'24/31','-1','8/9','1','8/7','12/11'),(6,3,2,'10','-30','-10/3','20/3','-10','15'),(7,1,4,'.13','.013','1.3','13','41.87','130'),(7,2,1,'47.6','46','58','104','162','1040'),(7,3,2,'81','65 + 4√(61)','111 + 4√(107)','121','169 + 4√(165)','144 + 4√(143)'),(8,1,6,'-2','-5','-3/2','2','7/2','5'),(8,2,4,'1/i','-1/i','-1','1','-i','i'),(8,3,2,'8/15','8/17','15/17','17/15','15/8','17/8'),(9,1,3,'13/5','6/5','3','13/3','12/5','7'),(9,2,5,'10/3','-10','4','5','10','12'),(9,3,3,'(-5, 5√6)','(-5, -5√3)','(-5, 5√3)','(-3, 3√3)','(-2, 2√3)','(3, -3√3)'),(10,1,6,'-10','-11','-1','1','10','11'),(10,2,6,'1/32','1/128','1/16','1/4','16','32'),(10,3,4,'4.171','2.757','4.476','8.952','17.905','28.125'),(11,1,4,'5/3','3/5','9','15','45/2','135'),(11,2,4,'-9/2','-27','-4','-3','-9/5','-1/3'),(11,3,1,'-1','0','1','-2','2','-3'),(12,1,5,'2','.5','40.5','45','50','200'),(12,2,2,'5','20','4.5','4.05','.2','.05'),(12,3,4,'.284','.258','.471','.510','.800','1.000'),(13,1,3,'2','1','6','8','18','216'),(13,2,3,'-23','-26','9','36','289','46629'),(13,3,4,'-3','-6','0','3','6','9'),(14,1,6,'-4','-6','-14/5','-4/5','4/5','4'),(14,2,3,'-2.08','-2.68','5','10','11','15'),(14,3,4,'11','0','16','19','21','29'),(15,1,1,'2','1','3','4','5','6'),(15,2,4,'60π','40π','75π','80π','100π','125π'),(15,3,3,'8/75','2/25','1/10','75/8','10','25/2'),(16,1,5,'1','3/4','4/3','7','12','81'),(16,2,2,'-2','-94','6','38/3','110/9','13'),(16,3,5,'-π/4','-3','0','3π/4','3','6'),(17,1,3,'13/2','2','7','21/2','14','28'),(17,2,2,'15','7.5','-60','67.5','120','330'),(17,3,4,'π/36','π/90','π/18','π/12','π/6','π/3'),(18,1,2,'4','-4','3/7','7/3','10','21'),(18,2,5,'8','91/30','12','17','22','62'),(18,3,5,'22.0','8.3','33.0','46.7','60.4','173.1'),(19,1,4,'80','60','120','140','160','200'),(19,2,4,'10','9','12','13','14','15'),(19,3,6,'21.656','13.717','15.791','14.655','17.784','15.201'),(20,1,6,'36','27','39','40','44','48'),(20,2,1,'9√(2)','15','9','18','2√(101)','81'),(20,3,3,'12','9','15','18','27','30'),(21,1,3,'7','6','8','9','10','11'),(21,2,6,'40','30','50','60','70','80'),(21,3,6,'27.775','20.456','35.626','44.346','54.636','68.747'),(22,1,2,'40','39','44','56','80','81'),(22,2,5,'68','60','84','96','100','101'),(22,3,2,'300','303','288','252','204','180'),(23,1,2,'3','2','5','6','2/3','3/2'),(23,2,6,'155','30','110','95','35','65'),(23,3,4,'17/801','17/810','34/845','17/416','34/605','17/297'),(24,1,3,'2','1/2','8','44','52','88'),(24,2,5,'17/3','-1/3','7','57/4','13','14'),(24,3,6,'1/25','1/26','1/13','13','25','26'),(25,1,2,'26','19','45','52','71','104'),(25,2,5,'12','8','16','18','30','38'),(25,3,2,'60','74','36','32','24','16'),(26,1,2,'80','40','77.460','116.619','130','160'),(26,2,3,'12','9','13','15','16','18'),(26,3,3,'nearest degree 297','nearest degree 290','nearest degree 300','nearest degree 305','nearest degree 308','nearest degree 314'),(27,1,3,'4.167','4','5','5.25','5.4','6.25'),(27,2,1,'72','80','64','84','86.4','100'),(27,3,3,'541','338','645','661','672','729'),(28,1,5,'0.244','0.0024','2.44','24.4','244','2440'),(28,2,3,'.331','.033','4','33.197','331.967','3319.672'),(28,3,6,'-56.917','-56.992','-56.17','-56','25.992','20.25'),(29,1,4,'10','6','15','30','45','60'),(29,2,2,'8','4','12','16','24','40'),(29,3,2,'-0.609','-44.609','43.391','87.391','175.391','351.391'),(30,1,3,'5040','168','10080','25200','43200','604800'),(30,2,4,'26','24.286','50','86','194','4334'),(30,3,4,'-164.453 + 164.453i','-3000.961 + 3000.961i','-18.991 + 18.991i','2.828 - 2.828i','46.467 - 46.467i','52.892-52.892i'),(31,1,5,'4','2','8','14','20','980'),(31,2,6,'4/3','-2','8','18','28','34'),(31,3,6,'1.718e11','2.749e12','2,684,354,555','2,621,435','2555','35'),(32,1,4,'18','10','24','36','48','80'),(32,2,5,'1.285','.5','1.613','1.774','2','2.16'),(32,3,1,'1.035','0.726','1.243','1.625','2.235','.498'),(33,1,5,'-2','-4','1/4','2','4','6'),(33,2,4,'5/2','-5/2','-5','5','5/16','15/2'),(33,3,1,'π/6 and 11π/6','π/6 and 5π/6','5π/6 and 11π/6','5π/6 and -π/6','π/6 and -5π/6','5π/6 and 11π/6'),(34,1,2,' 3','6',' 7','2','14','4'),(34,2,3,'4','7/2','21','27','42','94.5'),(34,3,4,'1','-13','4','8','16','21'),(35,1,5,'-7','-8','-6','0','1','7'),(35,2,5,'-17','-20','-14','4','7','25'),(35,3,2,'192','110','384','466','548','685'),(36,1,4,'2/7','1/7','5/21','1/3','3/7','2/3'),(36,2,2,'-5','-6','-3','-2','5','6'),(36,3,2,'-4i√(2)','-192i','-i√(2)','i√(2)','4i√(2)','292i'),(37,1,1,'70','140','35','17.5','0','210'),(37,2,5,'87.5','43.75','175','262.5','350','525'),(37,3,4,'166','150','175','184','316','500'),(38,1,2,'2','1','3','4','5','6'),(38,2,5,'-80','-116','-44','-8','28','64'),(38,3,4,'21π/2','-27π/2','-15π/2','9π/2','-3π/2','-39π/2'),(39,1,5,'4√(3)','2√(3)','8√(3)','32√(3)','4√(6)','16√(6)'),(39,2,3,'1.5','.75','3','6','96','192'),(39,3,4,'68.203','62.994','94.125','270','1614','6193884'),(40,1,2,'11√(2)','5√(2)','22√(2)','24√(2)','22','48'),(40,2,4,'-0.883','-0.990','-0.174','0','0.105','0.208'),(40,3,4,'16','8','32','64','128','Indeterminable');
/*!40000 ALTER TABLE `answer_key` ENABLE KEYS */;
UNLOCK TABLES;

--
-- Table structure for table `relay_options`
--

DROP TABLE IF EXISTS `relay_options`;
/*!40101 SET @saved_cs_client     = @@character_set_client */;
/*!40101 SET character_set_client = utf8 */;
CREATE TABLE `relay_options` (
  `class` varchar(12) NOT NULL,
  `name` varchar(24) NOT NULL,
  `value` varchar(20) NOT NULL
) ENGINE=InnoDB DEFAULT CHARSET=latin1;
/*!40101 SET character_set_client = @saved_cs_client */;

--
-- Dumping data for table `relay_options`
--

LOCK TABLES `relay_options` WRITE;
/*!40000 ALTER TABLE `relay_options` DISABLE KEYS */;
INSERT INTO `relay_options` VALUES ('event','currentEvent','none'),('event','startTime','1459373188'),('event','stopTime','1717'),('admin','adminPassword','admin'),('admin','adminLastAction','0'),('display','idColumn','false'),('display','nicknameColumn','true'),('display','totalPoints','false'),('display','level3PointsColumn','true'),('display','level2PointsColumn','true'),('display','level1PointsColumn','true'),('display','numTeams','7'),('reset','numTeams','50'),('reset','passwordLength','6'),('answerkey','numQuestion','40');
/*!40000 ALTER TABLE `relay_options` ENABLE KEYS */;
UNLOCK TABLES;

--
-- Table structure for table `stat_log`
--

DROP TABLE IF EXISTS `stat_log`;
/*!40101 SET @saved_cs_client     = @@character_set_client */;
/*!40101 SET character_set_client = utf8 */;
CREATE TABLE `stat_log` (
  `team_id` int(8) NOT NULL,
  `series_number` int(8) NOT NULL,
  `level_3_result` int(8) NOT NULL,
  `level_2_result` int(8) NOT NULL,
  `level_1_result` int(8) NOT NULL,
  `attempt` int(8) NOT NULL,
  `timesptamp` int(30) NOT NULL
) ENGINE=InnoDB DEFAULT CHARSET=latin1;
/*!40101 SET character_set_client = @saved_cs_client */;

--
-- Dumping data for table `stat_log`
--

LOCK TABLES `stat_log` WRITE;
/*!40000 ALTER TABLE `stat_log` DISABLE KEYS */;
INSERT INTO `stat_log` VALUES (38,1,1,1,1,1,1459373263),(7,1,0,1,1,1,1459373309),(35,1,1,0,1,1,1459373309),(3,1,1,1,1,1,1459373310),(31,2,0,1,1,1,1459373314),(27,1,0,1,1,1,1459373328),(24,1,0,1,1,1,1459373328),(4,1,1,1,1,1,1459373329),(31,2,1,1,1,2,1459373330),(7,1,1,1,1,2,1459373330),(39,1,0,1,1,1,1459373335),(26,6,1,1,1,1,1459373339),(15,1,1,1,1,1,1459373341),(30,1,1,1,1,1,1459373342),(13,1,0,0,0,1,1459373343),(24,1,1,1,1,2,1459373347),(16,1,1,1,1,1,1459373348),(27,1,1,1,1,2,1459373354),(6,1,0,1,1,1,1459373354),(21,1,1,1,1,1,1459373355),(28,1,1,1,1,1,1459373361),(30,6,1,1,1,1,1459373367),(35,1,1,1,1,2,1459373376),(32,3,0,0,1,1,1459373376),(20,2,1,1,1,1,1459373379),(17,1,1,1,1,1,1459373382),(6,2,0,1,1,1,1459373384),(2,1,1,1,1,1,1459373384),(7,2,1,1,1,1,1459373386),(15,2,0,1,1,1,1459373388),(26,8,1,1,1,1,1459373391),(33,1,0,1,1,1,1459373392),(14,1,0,1,1,1,1459373392),(39,1,1,1,1,2,1459373396),(34,2,0,1,1,1,1459373397),(25,1,1,1,1,1,1459373398),(10,1,1,1,1,1,1459373400),(6,1,1,1,1,2,1459373402),(2,2,0,1,1,1,1459373404),(7,3,1,1,1,1,1459373406),(34,2,1,1,1,2,1459373410),(22,1,0,1,1,1,1459373412),(13,2,1,1,1,1,1459373414),(27,2,0,1,1,1,1459373417),(32,11,1,1,1,1,1459373418),(30,14,1,1,1,1,1459373418),(28,24,1,1,1,1,1459373420),(34,1,1,0,1,1,1459373420),(6,2,1,1,1,2,1459373421),(9,1,0,1,1,1,1459373421),(16,8,1,1,1,1,1459373422),(33,1,1,1,1,2,1459373423),(36,1,1,1,1,1,1459373424),(2,2,0,1,1,2,1459373424),(42,1,1,1,1,1,1459373426),(27,2,1,1,1,2,1459373430),(17,2,0,1,1,1,1459373431),(15,2,1,1,1,2,1459373432),(22,1,1,1,1,2,1459373435),(31,4,1,1,1,1,1459373435),(19,1,0,1,1,1,1459373439),(41,1,1,1,1,1,1459373442),(10,3,1,1,1,1,1459373444),(24,3,0,1,1,1,1459373445),(33,2,0,1,1,1,1459373446),(13,1,0,1,1,2,1459373448),(26,1,0,1,1,1,1459373448),(38,2,0,1,1,1,1459373449),(17,2,1,1,1,2,1459373449),(37,4,1,1,1,1,1459373450),(11,3,1,1,1,1,1459373452),(40,1,0,0,1,1,1459373453),(2,2,1,1,1,3,1459373453),(26,1,1,1,1,2,1459373454),(20,1,1,0,1,1,1459373456),(9,1,1,1,1,2,1459373457),(13,1,0,1,1,3,1459373458),(32,8,1,1,1,1,1459373458),(3,3,0,1,1,1,1459373459),(10,6,1,1,1,1,1459373462),(24,3,0,1,1,2,1459373462),(16,9,1,1,1,1,1459373463),(4,2,1,1,1,1,1459373464),(14,1,1,1,1,2,1459373470),(38,2,0,1,1,2,1459373473),(32,9,1,1,1,1,1459373474),(21,2,1,1,1,1,1459373477),(34,3,1,1,1,1,1459373478),(39,11,1,1,1,1,1459373479),(1,1,1,1,1,1,1459373480),(19,1,1,1,1,2,1459373480),(40,9,1,1,1,1,1459373480),(11,1,0,1,1,1,1459373482),(3,3,1,1,1,2,1459373486),(23,32,1,1,1,1,1459373486),(20,4,0,1,1,1,1459373488),(36,3,0,0,1,1,1459373493),(27,4,1,1,1,1,1459373496),(4,6,1,1,1,1,1459373496),(11,1,1,1,1,2,1459373496),(12,1,1,0,1,1,1459373496),(13,1,1,1,1,4,1459373497),(38,8,0,1,1,1,1459373500),(18,15,1,1,0,1,1459373501),(9,4,1,1,1,1,1459373502),(33,8,0,1,1,1,1459373504),(41,2,1,1,1,1,1459373506),(20,3,0,0,1,1,1459373506),(8,1,1,1,1,1,1459373509),(12,14,1,1,1,1,1459373519),(34,17,1,1,1,1,1459373520),(16,3,0,0,1,1,1459373522),(33,2,1,1,1,2,1459373523),(24,3,1,1,1,3,1459373525),(41,6,1,1,1,1,1459373526),(4,7,1,1,1,1,1459373527),(15,3,1,1,1,1,1459373527),(18,15,1,1,0,2,1459373528),(25,2,0,1,1,1,1459373528),(35,8,1,1,1,1,1459373529),(14,2,1,1,1,1,1459373530),(42,34,1,1,1,1,1459373534),(36,24,1,1,1,1,1459373535),(6,9,1,1,1,1,1459373536),(12,10,1,1,1,1,1459373537),(17,4,1,1,1,1,1459373537),(40,2,0,1,1,1,1459373537),(33,9,1,1,1,1,1459373538),(16,2,0,0,1,1,1459373538),(38,7,1,1,0,1,1459373538),(32,20,1,1,1,1,1459373542),(2,4,1,1,1,1,1459373543),(34,28,1,1,0,1,1459373545),(26,17,1,1,1,1,1459373546),(39,2,0,1,1,1,1459373547),(7,5,1,1,1,1,1459373548),(18,15,1,1,0,3,1459373550),(31,20,1,1,1,1,1459373551),(18,15,1,1,1,4,1459373552),(4,11,1,1,1,1,1459373553),(39,2,1,1,1,2,1459373554),(12,3,1,1,1,1,1459373558),(20,4,1,1,1,2,1459373558),(40,13,0,1,1,1,1459373561),(23,2,1,1,1,1,1459373564),(31,1,0,1,1,1,1459373565),(24,6,1,1,1,1,1459373566),(10,17,1,1,1,1,1459373570),(18,27,0,1,1,1,1459373573),(9,8,0,1,1,1,1459373575),(38,2,1,1,1,3,1459373575),(28,27,0,1,1,1,1459373576),(1,3,0,0,1,1,1459373576),(18,27,0,1,1,2,1459373576),(40,3,1,1,1,1,1459373579),(32,24,1,1,1,1,1459373579),(26,16,1,1,1,1,1459373579),(14,8,1,1,1,1,1459373582),(27,6,1,1,1,1,1459373582),(30,17,1,1,1,1,1459373583),(31,11,1,1,1,1,1459373587),(34,1,1,1,1,2,1459373588),(6,14,1,1,1,1,1459373589),(38,5,1,1,1,1,1459373592),(16,10,1,1,1,1,1459373592),(28,17,1,1,1,1,1459373592),(33,3,1,1,1,1,1459373594),(21,13,0,1,1,1,1459373595),(8,2,1,1,1,1,1459373595),(22,2,0,1,1,1,1459373596),(34,20,0,1,1,1,1459373600),(34,20,0,1,1,2,1459373600),(24,4,1,1,1,1,1459373601),(16,14,1,1,1,1,1459373602),(28,9,1,1,1,1,1459373603),(31,1,1,1,1,2,1459373604),(14,40,1,1,1,1,1459373607),(30,9,1,1,1,1,1459373608),(23,3,0,1,1,1,1459373612),(16,11,1,1,1,1,1459373612),(9,13,0,1,1,1,1459373613),(3,2,0,1,1,1,1459373615),(1,2,0,1,1,1,1459373616),(5,4,1,0,0,1,1459373617),(25,33,0,1,1,1,1459373619),(14,3,0,1,1,1,1459373619),(6,3,1,1,1,1,1459373620),(15,9,1,1,1,1,1459373622),(16,2,0,1,1,2,1459373622),(38,14,1,1,1,1,1459373623),(3,2,1,1,1,2,1459373623),(29,2,0,1,1,1,1459373626),(16,2,0,1,1,3,1459373630),(35,9,1,1,1,1,1459373630),(11,11,1,1,1,1,1459373631),(28,18,1,1,1,1,1459373633),(34,9,1,1,1,1,1459373633),(4,10,0,1,1,1,1459373634),(33,6,1,1,1,1,1459373634),(39,3,0,1,1,1,1459373636),(42,4,1,1,1,1,1459373638),(24,2,0,1,1,1,1459373639),(9,14,1,1,1,1,1459373639),(16,2,1,1,1,4,1459373640),(38,9,1,1,1,1,1459373640),(14,10,1,1,1,1,1459373642),(40,11,1,1,1,1,1459373642),(23,8,0,1,1,1,1459373642),(1,2,1,1,1,2,1459373643),(12,16,1,1,1,1,1459373644),(5,1,1,1,1,1,1459373644),(10,7,1,1,0,1,1459373645),(33,11,1,1,1,1,1459373645),(20,8,1,0,0,1,1459373646),(6,6,1,1,1,1,1459373648),(36,31,0,0,1,1,1459373648),(28,4,1,1,1,1,1459373650),(38,7,1,1,0,2,1459373652),(16,6,1,1,1,1,1459373652),(4,14,1,1,1,1,1459373656),(10,7,1,1,1,2,1459373657),(5,19,0,0,1,1,1459373657),(33,13,1,1,1,1,1459373657),(27,11,1,1,1,1,1459373658),(25,17,1,1,1,1,1459373659),(37,2,0,1,1,1,1459373662),(24,2,1,1,1,2,1459373664),(14,3,1,1,1,2,1459373665),(22,2,0,1,1,2,1459373666),(22,2,1,1,1,3,1459373668),(35,3,1,1,1,1,1459373668),(21,16,1,1,1,1,1459373670),(17,37,1,1,1,1,1459373672),(30,13,1,1,1,1,1459373674),(39,3,1,1,1,2,1459373676),(20,1,0,1,1,2,1459373677),(4,13,1,1,1,1,1459373679),(12,13,1,1,1,1,1459373679),(38,16,1,1,1,1,1459373680),(27,9,1,1,1,1,1459373681),(25,33,1,0,1,2,1459373682),(30,32,1,1,1,1,1459373682),(13,8,0,1,1,1,1459373684),(9,3,1,1,1,1,1459373684),(25,33,1,1,1,3,1459373685),(32,10,1,1,1,1,1459373686),(22,3,1,1,1,1,1459373688),(23,14,1,1,1,1,1459373689),(3,9,1,1,1,1,1459373689),(15,8,1,1,1,1,1459373690),(16,3,0,1,1,2,1459373692),(5,6,1,1,1,1,1459373697),(40,2,1,1,1,2,1459373698),(18,27,0,1,1,3,1459373700),(16,13,1,1,1,1,1459373701),(34,24,1,1,1,1,1459373704),(33,10,1,1,1,1,1459373707),(32,1,1,0,1,1,1459373707),(14,4,1,0,1,1,1459373708),(36,11,1,1,1,1,1459373708),(6,10,1,1,1,1,1459373712),(19,9,0,1,1,1,1459373717),(25,37,0,1,1,1,1459373718),(23,3,1,1,1,2,1459373718),(10,14,1,1,0,1,1459373719),(41,8,1,1,1,1,1459373719),(4,3,1,1,0,1,1459373719),(33,8,1,1,1,2,1459373720),(19,9,1,1,1,2,1459373720),(1,3,1,1,1,2,1459373720),(20,10,0,1,1,1,1459373720),(21,17,1,1,1,1,1459373721),(29,19,0,0,1,1,1459373722),(8,3,1,1,1,1,1459373722),(24,13,1,1,1,1,1459373722),(27,13,1,1,1,1,1459373723),(34,20,1,1,1,3,1459373725),(31,24,1,1,1,1,1459373726),(18,3,0,1,1,1,1459373727),(3,8,0,1,1,1,1459373730),(1,6,1,1,1,1,1459373731),(22,34,1,1,1,1,1459373734),(41,16,1,1,1,1,1459373736),(11,10,1,1,1,1,1459373736),(27,14,1,1,1,1,1459373737),(20,11,1,1,1,1,1459373739),(14,6,1,1,1,1,1459373740),(40,14,1,1,1,1,1459373741),(32,27,0,1,1,1,1459373742),(25,2,0,1,1,2,1459373745),(33,16,1,1,1,1,1459373746),(18,3,0,1,1,2,1459373749),(41,9,1,1,1,1,1459373749),(18,3,0,1,1,3,1459373752),(16,3,1,1,1,3,1459373754),(17,6,1,1,1,1,1459373755),(28,6,1,1,1,1,1459373757),(11,32,1,1,1,1,1459373758),(5,20,1,1,1,1,1459373758),(41,11,1,1,1,1,1459373759),(14,14,0,1,1,1,1459373761),(19,2,0,1,1,1,1459373761),(34,27,0,1,1,1,1459373763),(16,17,1,1,1,1,1459373763),(6,19,1,1,1,1,1459373763),(9,8,1,1,1,2,1459373764),(24,14,0,1,1,1,1459373764),(25,2,0,1,1,3,1459373765),(12,9,1,1,1,1,1459373766),(4,16,1,1,1,1,1459373766),(1,11,1,1,1,1,1459373769),(37,6,1,1,1,1,1459373772),(38,7,1,1,1,3,1459373772),(18,3,0,1,1,4,1459373772),(2,6,1,0,1,1,1459373773),(25,2,1,1,1,4,1459373774),(30,34,0,1,1,1,1459373774),(6,11,1,1,1,1,1459373776),(4,4,1,1,1,1,1459373777),(31,17,1,1,1,1,1459373777),(18,3,0,1,1,5,1459373778),(9,20,1,1,1,1,1459373779),(18,3,3,3,3,6,1459373779),(1,10,1,1,1,1,1459373781),(34,30,1,1,1,1,1459373781),(11,2,0,1,1,1,1459373781),(10,12,0,1,1,1,1459373782),(21,12,0,1,1,1,1459373783),(30,34,1,1,1,2,1459373787),(40,17,1,1,1,1,1459373788),(20,1,0,1,1,3,1459373789),(4,20,1,1,1,1,1459373790),(23,23,1,1,1,1,1459373793),(9,22,1,1,1,1,1459373794),(38,6,1,1,1,1,1459373794),(17,39,0,0,1,1,1459373794),(30,18,1,1,1,1,1459373797),(28,10,1,1,1,1,1459373797),(10,31,0,0,1,1,1459373797),(11,2,1,1,1,2,1459373798),(3,8,1,1,1,2,1459373798),(40,6,1,1,1,1,1459373800),(1,4,1,0,1,1,1459373801),(35,39,1,1,1,1,1459373803),(15,4,1,1,1,1,1459373803),(29,14,1,1,1,1,1459373804),(33,7,1,1,1,1,1459373804),(38,20,1,1,1,1,1459373804),(27,3,1,1,1,1,1459373809),(18,1,0,1,1,1,1459373810),(4,23,1,1,1,1,1459373813),(9,13,0,1,1,2,1459373814),(29,13,0,1,1,1,1459373815),(14,39,1,1,1,1,1459373816),(18,1,0,1,1,2,1459373816),(20,3,1,1,1,2,1459373817),(23,31,1,1,1,1,1459373817),(34,13,0,1,1,1,1459373823),(6,13,1,1,1,1,1459373824),(11,16,1,1,1,1,1459373824),(34,13,1,1,1,2,1459373825),(36,22,1,1,1,1,1459373825),(4,24,1,1,1,1,1459373827),(26,2,0,1,1,1,1459373828),(7,11,1,0,0,1,1459373828),(37,14,1,1,1,1,1459373830),(29,16,1,1,1,1,1459373830),(27,8,1,1,1,1,1459373831),(14,9,1,1,1,1,1459373831),(16,34,1,1,1,1,1459373831),(19,3,0,1,1,1,1459373832),(20,17,1,1,1,1,1459373833),(18,27,1,1,1,4,1459373834),(34,25,1,1,1,1,1459373835),(33,17,1,1,1,1,1459373838),(30,33,1,1,1,1,1459373840),(26,2,1,1,1,2,1459373842),(28,33,1,1,1,1,1459373843),(29,15,1,1,1,1,1459373844),(34,34,1,1,1,1,1459373845),(20,29,0,1,1,1,1459373846),(21,11,1,1,1,1,1459373847),(14,4,1,1,1,2,1459373850),(27,16,1,1,1,1,1459373851),(25,9,1,1,1,1,1459373852),(33,12,0,1,1,1,1459373854),(32,5,1,1,1,1,1459373855),(30,2,0,1,1,1,1459373855),(34,37,1,1,1,1,1459373856),(31,29,1,1,1,1,1459373857),(6,5,1,1,1,1,1459373857),(41,17,1,1,1,1,1459373857),(17,12,0,1,1,1,1459373858),(17,12,0,1,1,2,1459373858),(17,12,0,1,1,3,1459373858),(17,12,0,1,1,4,1459373858),(17,12,0,1,1,5,1459373858),(17,12,3,3,3,6,1459373858),(17,12,3,3,3,7,1459373858),(18,1,0,1,1,3,1459373860),(16,31,1,1,1,1,1459373861),(24,12,0,1,1,1,1459373863),(8,6,1,1,1,1,1459373863),(21,9,1,1,1,1,1459373864),(38,3,1,1,1,1,1459373864),(36,10,1,1,1,1,1459373865),(34,40,1,1,1,1,1459373867),(40,34,1,1,1,1,1459373867),(4,17,1,1,1,1,1459373867),(30,2,1,1,1,2,1459373868),(25,19,1,1,1,1,1459373869),(28,34,1,0,0,1,1459373869),(32,13,1,1,1,1,1459373872),(26,31,0,0,1,1,1459373873),(20,16,0,1,1,1,1459373874),(18,16,1,1,1,1,1459373875),(13,11,0,1,1,1,1459373876),(30,5,1,1,1,1,1459373877),(35,18,1,1,1,1,1459373878),(25,37,1,1,1,2,1459373880),(7,17,1,1,1,1,1459373880),(19,13,0,1,1,1,1459373883),(20,16,1,1,1,2,1459373884),(38,39,0,0,1,1,1459373884),(28,35,1,1,1,1,1459373885),(41,4,1,1,1,1,1459373886),(39,14,0,1,1,1,1459373888),(5,37,1,1,1,1,1459373889),(34,22,1,1,1,1,1459373889),(22,11,1,1,1,1,1459373891),(26,32,1,1,1,1,1459373894),(35,37,1,1,1,1,1459373895),(12,39,0,0,0,1,1459373896),(3,17,1,1,1,1,1459373899),(34,32,1,1,1,1,1459373900),(29,13,1,1,1,2,1459373900),(20,14,1,1,1,1,1459373900),(15,10,1,1,1,1,1459373903),(18,1,1,1,1,4,1459373903),(11,17,1,0,1,1,1459373903),(16,27,0,1,1,1,1459373903),(7,9,1,1,1,1,1459373905),(2,6,1,0,1,2,1459373908),(2,6,1,1,1,3,1459373911),(33,20,1,1,1,1,1459373916),(5,17,1,1,1,1,1459373916),(26,14,1,1,1,1,1459373916),(39,14,0,1,1,2,1459373917),(39,14,1,1,1,3,1459373919),(32,35,1,1,1,1,1459373920),(30,36,1,1,1,1,1459373921),(7,10,1,1,1,1,1459373923),(3,10,1,1,1,1,1459373923),(13,11,1,1,1,2,1459373923),(42,6,1,1,1,1,1459373924),(22,37,1,1,1,1,1459373925),(26,15,1,1,1,1,1459373926),(31,27,0,1,1,1,1459373926),(20,29,1,1,1,2,1459373927),(36,14,1,1,1,1,1459373928),(14,14,0,1,1,2,1459373933),(28,11,1,1,1,1,1459373933),(35,10,0,1,1,1,1459373935),(32,34,1,1,1,1,1459373935),(26,24,1,1,1,1,1459373935),(6,18,1,1,1,1,1459373935),(7,14,1,1,1,1,1459373936),(24,27,0,1,1,1,1459373939),(36,29,1,1,1,1,1459373941),(25,30,1,1,1,1,1459373942),(30,12,0,1,1,1,1459373945),(16,33,1,1,1,1,1459373948),(26,19,1,1,1,1,1459373948),(37,1,1,1,1,1,1459373948),(35,17,1,1,1,1,1459373949),(19,3,1,1,1,2,1459373950),(32,37,1,1,1,1,1459373951),(9,13,1,1,1,3,1459373952),(21,33,1,1,1,1,1459373952),(34,12,0,1,0,1,1459373952),(18,18,1,1,1,1,1459373955),(1,4,1,1,1,2,1459373956),(27,19,1,1,1,1,1459373957),(3,16,0,1,1,1,1459373957),(28,22,1,1,1,1,1459373957),(26,35,1,1,1,1,1459373959),(10,33,1,1,1,1,1459373959),(13,9,1,1,1,1,1459373960),(5,25,1,1,1,1,1459373962),(25,20,1,1,1,1,1459373962),(24,20,1,1,1,1,1459373963),(21,34,1,1,1,1,1459373963),(14,29,1,1,1,1,1459373964),(38,29,1,1,1,1,1459373965),(1,17,1,1,1,1,1459373966),(19,13,1,1,1,2,1459373967),(32,1,1,1,1,2,1459373969),(8,9,1,1,1,1,1459373969),(2,8,0,1,1,1,1459373971),(29,35,1,1,1,1,1459373973),(25,15,1,1,1,1,1459373973),(7,15,1,1,1,1,1459373975),(12,18,1,1,1,1,1459373976),(3,16,1,1,1,2,1459373976),(36,35,1,1,1,1,1459373977),(41,23,1,1,1,1,1459373978),(39,22,1,1,1,1,1459373980),(22,23,1,1,1,1,1459373981),(24,17,1,1,1,1,1459373981),(33,18,1,1,1,1,1459373981),(40,4,1,1,1,1,1459373982),(32,27,1,1,1,2,1459373983),(28,30,1,1,1,1,1459373983),(4,40,1,1,1,1,1459373986),(10,28,1,1,1,1,1459373986),(7,19,1,1,1,1,1459373987),(25,39,1,1,1,1,1459373987),(14,11,1,1,1,1,1459373987),(9,17,1,1,1,1,1459373988),(26,3,0,0,1,1,1459373990),(37,34,1,1,1,1,1459373991),(33,24,1,1,1,1,1459373992),(31,19,1,1,1,1,1459373992),(15,6,1,1,1,1,1459373994),(39,40,1,1,1,1,1459373997),(32,25,1,1,1,1,1459374000),(25,11,1,1,1,1,1459374000),(37,29,1,1,1,1,1459374002),(26,13,0,1,1,1,1459374003),(20,8,0,1,1,2,1459374003),(16,27,1,1,1,2,1459374005),(15,15,1,1,1,1,1459374005),(39,37,1,1,1,1,1459374007),(21,6,1,1,1,1,1459374008),(5,30,1,1,1,1,1459374010),(11,13,1,1,1,1,1459374011),(27,5,1,1,1,1,1459374014),(24,9,1,1,1,1,1459374014),(18,6,1,1,1,1,1459374015),(6,23,1,1,1,1,1459374018),(34,27,1,1,1,2,1459374020),(27,17,1,1,1,1,1459374023),(14,31,1,1,1,1,1459374027),(23,17,1,1,1,1,1459374028),(16,19,1,1,1,1,1459374031),(24,7,1,1,0,1,1459374033),(31,8,1,1,1,1,1459374034),(22,13,0,1,1,1,1459374034),(30,12,0,1,1,2,1459374035),(29,29,1,1,1,1,1459374035),(37,30,1,1,1,1,1459374035),(30,12,1,1,1,3,1459374038),(27,23,1,1,1,1,1459374039),(6,7,1,1,0,1,1459374039),(16,12,0,1,0,1,1459374042),(9,25,1,1,1,1,1459374042),(8,10,1,1,1,1,1459374044),(41,13,0,1,1,1,1459374044),(24,7,1,1,1,2,1459374045),(39,35,0,0,0,1,1459374047),(12,34,1,1,1,1,1459374048),(11,17,1,1,1,2,1459374048),(27,22,1,1,1,1,1459374049),(16,12,1,1,1,2,1459374050),(29,19,1,1,1,2,1459374050),(7,6,1,1,1,1,1459374055),(36,8,1,1,1,1,1459374055),(41,13,1,1,1,2,1459374056),(20,8,1,1,1,3,1459374056),(34,38,1,1,1,1,1459374056),(21,4,1,0,1,1,1459374059),(30,28,1,1,0,1,1459374059),(32,19,1,1,1,1,1459374059),(27,24,1,1,1,1,1459374060),(23,34,1,1,1,1,1459374060),(22,4,1,1,1,1,1459374061),(42,10,1,1,1,1,1459374061),(10,35,0,0,0,1,1459374064),(6,7,1,1,1,2,1459374065),(30,28,1,1,1,2,1459374066),(37,10,1,1,1,1,1459374068),(25,21,1,1,1,1,1459374069),(19,24,1,1,1,1,1459374070),(35,35,1,1,1,1,1459374071),(31,35,1,1,1,1,1459374073),(22,13,0,1,1,2,1459374074),(29,6,0,0,1,1,1459374079),(12,1,1,1,1,2,1459374080),(25,31,1,1,1,1,1459374081),(30,4,1,0,1,1,1459374081),(28,34,1,1,1,2,1459374082),(9,24,1,1,1,1,1459374087),(15,24,1,1,1,1,1459374087),(12,6,1,1,1,1,1459374090),(28,19,1,1,1,1,1459374091),(32,16,1,1,1,1,1459374093),(8,11,1,1,1,1,1459374093),(41,10,0,1,1,1,1459374094),(36,12,0,1,1,1,1459374094),(10,20,0,1,1,1,1459374096),(31,27,1,1,1,2,1459374098),(15,23,1,1,1,1,1459374098),(28,38,1,1,1,1,1459374100),(19,40,1,1,1,1,1459374101),(29,1,0,1,1,1,1459374101),(7,11,1,1,1,2,1459374102),(30,4,1,0,1,2,1459374103),(16,20,1,1,1,1,1459374105),(30,4,1,0,1,3,1459374105),(18,14,0,0,1,1,1459374107),(30,4,1,0,1,4,1459374107),(30,4,1,1,1,5,1459374109),(18,14,0,0,1,2,1459374109),(34,18,1,0,1,1,1459374111),(18,14,0,0,1,3,1459374111),(37,16,1,1,1,1,1459374112),(5,32,1,1,1,1,1459374112),(10,32,1,1,1,1,1459374113),(34,18,1,1,1,2,1459374113),(41,14,1,1,1,1,1459374114),(11,19,1,1,1,1,1459374114),(21,3,0,1,1,1,1459374114),(32,14,1,1,1,1,1459374114),(7,18,0,1,1,1,1459374117),(16,38,0,0,0,1,1459374117),(26,23,1,1,1,1,1459374117),(30,22,1,1,1,1,1459374117),(2,8,1,1,1,2,1459374118),(42,14,1,1,1,1,1459374118),(31,32,1,1,1,1,1459374119),(39,35,0,0,0,2,1459374120),(12,37,1,1,1,1,1459374121),(36,3,1,1,1,2,1459374121),(15,5,1,1,1,1,1459374122),(28,29,1,1,1,1,1459374123),(29,39,1,1,1,1,1459374123),(14,32,1,1,1,1,1459374124),(17,19,1,1,1,1,1459374125),(10,31,1,1,1,2,1459374127),(32,39,1,1,1,1,1459374128),(7,16,1,1,1,1,1459374128),(38,31,0,0,1,1,1459374131),(3,32,1,1,1,1,1459374131),(28,14,1,1,1,1,1459374133),(27,27,0,1,1,1,1459374134),(29,24,1,1,1,1,1459374134),(33,4,1,1,1,1,1459374136),(21,22,1,1,1,1,1459374136),(31,14,1,1,1,1,1459374140),(22,13,0,1,1,3,1459374142),(18,2,0,1,1,1,1459374143),(35,6,1,1,1,1,1459374146),(29,8,1,1,1,1,1459374147),(37,2,1,1,1,2,1459374147),(19,6,1,1,1,1,1459374149),(28,3,0,1,1,1,1459374150),(12,22,1,1,1,1,1459374151),(39,32,1,1,1,1,1459374152),(18,2,0,1,1,2,1459374152),(24,27,1,1,1,2,1459374153),(25,16,1,1,1,1,1459374153),(22,13,0,1,1,4,1459374154),(16,23,0,1,1,1,1459374154),(27,35,1,1,1,1,1459374155),(30,7,1,1,0,1,1459374156),(26,31,1,1,1,2,1459374156),(33,28,1,1,1,1,1459374157),(21,4,1,1,1,2,1459374158),(32,15,1,1,0,1,1459374159),(20,6,0,1,1,1,1459374159),(29,21,1,1,1,1,1459374159),(30,7,1,1,1,2,1459374160),(3,5,1,1,1,1,1459374160),(22,13,0,1,1,5,1459374161),(7,21,1,1,1,1,1459374161),(6,4,1,1,1,1,1459374163),(38,32,1,1,1,1,1459374163),(35,15,0,1,1,1,1459374165),(22,13,3,3,3,6,1459374165),(25,23,1,1,1,1,1459374167),(16,5,1,0,1,1,1459374168),(26,13,1,1,1,2,1459374168),(34,33,1,1,1,1,1459374169),(40,20,1,1,0,1,1459374170),(1,20,1,1,1,1,1459374170),(40,20,1,1,0,2,1459374171),(24,10,0,1,0,1,1459374172),(13,34,1,1,1,1,1459374172),(31,39,1,1,1,1,1459374173),(11,5,0,0,1,1,1459374174),(6,16,1,1,1,1,1459374174),(33,19,1,1,1,1,1459374175),(40,20,1,1,1,3,1459374176),(38,4,1,1,1,1,1459374177),(17,17,1,1,1,1,1459374178),(18,2,1,1,1,3,1459374178),(3,14,1,1,1,1,1459374178),(5,18,1,1,1,1,1459374181),(1,18,1,1,1,1,1459374181),(34,29,1,1,1,1,1459374182),(25,40,1,1,1,1,1459374183),(29,27,1,1,1,1,1459374184),(36,12,0,1,1,2,1459374187),(28,39,1,1,1,1,1459374189),(32,2,0,1,1,1,1459374189),(30,39,1,1,1,1,1459374189),(34,4,1,1,1,1,1459374190),(40,1,1,1,1,2,1459374191),(21,24,1,1,1,1,1459374193),(38,34,1,1,1,1,1459374195),(1,14,1,1,1,1,1459374197),(35,16,1,1,1,1,1459374198),(12,8,1,1,1,1,1459374198),(29,1,1,1,1,2,1459374199),(34,21,0,0,1,1,1459374199),(3,4,1,1,1,1,1459374199),(14,12,0,1,1,1,1459374201),(21,13,1,1,1,2,1459374202),(26,28,1,1,1,1,1459374204),(18,9,1,1,1,1,1459374204),(38,10,1,1,1,1,1459374204),(42,20,1,1,1,1,1459374205),(41,3,0,1,1,1,1459374210),(12,2,0,1,1,1,1459374210),(13,17,0,1,1,1,1459374211),(21,31,1,1,1,1,1459374212),(20,12,0,0,1,1,1459374213),(37,37,0,1,1,1,1459374213),(15,20,1,1,1,1,1459374215),(12,2,0,1,1,2,1459374216),(34,6,1,1,1,1,1459374220),(1,16,1,1,1,1,1459374221),(12,2,1,1,1,3,1459374221),(25,28,1,1,1,1,1459374222),(29,34,1,1,1,1,1459374222),(26,10,0,0,1,1,1459374223),(40,8,1,1,1,1,1459374224),(27,25,1,1,1,1,1459374225),(15,14,1,1,1,1,1459374225),(34,7,1,1,1,1,1459374229),(28,2,0,1,1,1,1459374229),(14,24,1,1,1,1,1459374230),(12,25,1,1,1,1,1459374231),(42,18,1,1,1,1,1459374234),(37,8,0,0,1,1,1459374234),(20,37,1,1,1,1,1459374235),(28,2,0,1,1,2,1459374236),(5,22,1,1,1,1,1459374237),(8,39,1,1,1,1,1459374238),(27,39,0,1,1,1,1459374239),(16,4,1,0,1,1,1459374240),(7,13,0,1,0,1,1459374241),(28,2,1,1,1,3,1459374242),(10,40,1,1,1,1,1459374243),(16,4,1,0,1,2,1459374243),(16,4,1,0,1,3,1459374244),(38,22,1,1,1,1,1459374245),(16,4,1,0,1,4,1459374245),(29,28,1,1,0,1,1459374246),(35,2,0,0,1,1,1459374247),(16,4,1,0,1,5,1459374248),(9,27,0,1,1,1,1459374249),(40,37,1,1,1,1,1459374249),(31,31,0,0,1,1,1459374249),(16,4,3,3,3,6,1459374249),(20,23,1,1,1,1,1459374252),(21,29,1,1,1,1,1459374253),(10,39,1,1,1,1,1459374254),(39,28,1,1,0,1,1459374255),(22,27,0,1,1,1,1459374256),(27,31,1,1,1,1,1459374258),(18,4,1,0,1,1,1459374258),(37,39,1,1,0,1,1459374258),(11,29,0,0,0,1,1459374260),(22,27,0,1,1,2,1459374260),(16,39,1,1,1,1,1459374261),(23,33,1,1,1,1,1459374262),(25,8,1,1,1,1,1459374264),(22,27,1,1,1,3,1459374265),(13,31,0,0,1,1,1459374268),(16,40,1,1,1,1,1459374268),(40,26,0,1,1,1,1459374270),(14,37,1,1,1,1,1459374271),(20,39,1,1,1,1,1459374272),(21,39,1,1,1,1,1459374272),(39,28,1,1,1,2,1459374273),(25,5,1,1,1,1,1459374274),(10,20,1,1,1,2,1459374277),(15,21,1,1,1,1,1459374279),(16,38,0,0,0,2,1459374279),(19,34,1,1,1,1,1459374281),(26,40,1,1,1,1,1459374283),(5,38,0,1,1,1,1459374283),(28,23,1,1,0,1,1459374286),(37,32,0,1,1,1,1459374286),(29,6,1,1,1,2,1459374287),(39,24,1,1,1,1,1459374287),(33,27,0,1,1,1,1459374288),(6,15,1,1,1,1,1459374291),(15,17,1,1,1,1,1459374293),(17,22,1,1,1,1,1459374294),(34,39,1,1,1,1,1459374296),(25,4,1,1,1,1,1459374299),(27,27,1,1,1,2,1459374300),(29,38,1,1,1,1,1459374300),(33,35,1,1,1,1,1459374304),(32,33,1,1,1,1,1459374305),(34,35,1,1,1,1,1459374306),(4,33,1,1,1,1,1459374307),(28,23,1,1,1,2,1459374308),(8,15,1,1,1,1,1459374311),(7,28,1,1,1,1,1459374312),(9,11,1,1,1,1,1459374313),(13,3,0,1,1,1,1459374313),(14,35,0,1,1,1,1459374314),(25,24,1,1,1,1,1459374316),(36,12,1,1,1,3,1459374316),(40,12,0,1,1,1,1459374316),(10,34,0,1,1,1,1459374319),(6,25,1,1,1,1,1459374319),(32,28,1,1,0,1,1459374322),(41,3,1,1,1,2,1459374323),(38,37,1,1,1,1,1459374323),(35,11,1,1,1,1,1459374325),(28,12,0,1,1,1,1459374326),(14,17,1,1,1,1,1459374326),(16,24,0,0,0,1,1459374326),(13,17,1,1,1,2,1459374328),(33,30,1,1,1,1,1459374329),(25,12,0,1,1,1,1459374330),(39,35,1,1,1,3,1459374330),(34,10,0,1,1,1,1459374332),(28,12,1,1,1,2,1459374333),(20,6,1,1,1,2,1459374334),(11,4,1,1,1,1,1459374335),(22,33,0,1,1,1,1459374336),(5,38,1,1,1,2,1459374336),(24,5,1,1,1,1,1459374336),(40,29,1,1,1,1,1459374337),(22,33,0,1,1,2,1459374339),(37,39,1,1,1,2,1459374340),(35,29,1,1,1,1,1459374341),(22,33,0,1,1,3,1459374342),(13,14,0,0,0,1,1459374343),(29,32,1,1,1,1,1459374344),(10,22,1,1,1,1,1459374345),(18,29,1,1,1,1,1459374345),(12,28,1,1,0,1,1459374345),(36,15,1,1,1,1,1459374345),(22,33,1,1,1,4,1459374345),(28,36,0,1,1,1,1459374347),(21,30,1,1,1,1,1459374348),(5,13,1,1,1,1,1459374348),(28,36,0,1,1,2,1459374349),(40,12,0,1,1,2,1459374350),(12,28,1,1,0,2,1459374350),(27,39,1,1,1,2,1459374351),(8,40,1,1,1,1,1459374351),(30,30,0,1,1,1,1459374352),(40,12,0,1,1,3,1459374352),(12,28,1,1,1,3,1459374352),(25,14,1,1,1,1,1459374353),(35,27,0,1,1,1,1459374354),(33,40,1,1,1,1,1459374355),(9,34,1,1,1,1,1459374357),(38,23,1,1,1,1,1459374358),(16,15,0,1,1,1,1459374359),(5,7,1,1,1,1,1459374360),(37,8,0,1,1,2,1459374360),(13,16,1,1,1,1,1459374361),(16,15,1,1,1,2,1459374363),(26,29,1,1,1,1,1459374363),(15,16,0,1,1,1,1459374364),(40,26,1,1,1,2,1459374364),(6,33,1,1,1,1,1459374364),(25,38,1,1,1,1,1459374365),(35,34,1,1,1,1,1459374365),(33,34,1,1,1,1,1459374367),(27,33,1,1,1,1,1459374369),(42,17,1,1,1,1,1459374369),(3,11,1,1,1,1,1459374370),(29,36,1,1,1,1,1459374370),(30,19,0,0,0,1,1459374371),(28,3,0,1,1,2,1459374373),(13,32,0,1,1,1,1459374373),(37,37,0,1,1,2,1459374373),(28,3,1,1,1,3,1459374374),(34,15,1,1,1,1,1459374374),(24,22,1,1,1,1,1459374375),(25,13,0,1,1,1,1459374375),(12,32,1,1,1,1,1459374376),(32,2,0,1,1,2,1459374376),(4,34,1,1,1,1,1459374377),(36,30,1,1,1,1,1459374378),(25,13,1,1,1,2,1459374379),(29,40,1,1,1,1,1459374380),(35,28,1,1,0,1,1459374381),(19,4,1,1,1,1,1459374381),(32,2,1,1,1,3,1459374382),(39,29,1,1,1,1,1459374383),(15,22,1,1,1,1,1459374386),(2,12,0,1,1,1,1459374387),(42,31,1,1,1,1,1459374387),(35,28,1,1,1,2,1459374389),(17,33,1,1,1,1,1459374391),(22,10,0,1,1,1,1459374391),(29,11,1,1,1,1,1459374394),(8,13,0,1,1,1,1459374394),(22,10,1,1,1,2,1459374394),(33,29,1,1,1,1,1459374395),(39,17,1,1,1,1,1459374396),(13,3,1,1,1,2,1459374396),(25,6,1,1,1,1,1459374397),(41,33,1,1,1,1,1459374398),(8,13,1,1,1,2,1459374398),(28,32,1,1,1,1,1459374400),(19,28,1,1,1,1,1459374403),(12,31,1,1,1,1,1459374403),(27,38,1,1,1,1,1459374405),(35,4,1,0,1,1,1459374406),(41,15,1,1,1,1,1459374407),(36,18,1,1,1,1,1459374407),(31,10,1,1,1,1,1459374408),(38,17,1,1,1,1,1459374408),(14,14,1,1,1,3,1459374409),(26,7,1,1,1,1,1459374409),(17,32,1,1,1,1,1459374411),(29,2,0,1,1,2,1459374411),(25,18,1,1,1,1,1459374413),(30,16,0,1,1,1,1459374413),(27,40,1,1,1,1,1459374414),(1,32,1,1,1,1,1459374418),(26,20,1,1,1,1,1459374419),(24,35,1,1,1,1,1459374420),(30,16,0,1,1,2,1459374420),(28,36,0,1,1,3,1459374422),(38,31,1,1,1,2,1459374422),(30,16,0,1,1,3,1459374423),(25,34,1,1,1,1,1459374423),(30,16,1,1,1,4,1459374425),(24,34,1,1,1,1,1459374428),(40,32,1,1,1,1,1459374431),(11,6,1,1,1,1,1459374431),(33,32,0,0,1,1,1459374434),(37,8,1,1,1,3,1459374434),(31,7,1,1,1,1,1459374437),(20,22,0,0,1,1,1459374438),(2,39,1,1,1,1,1459374439),(42,8,1,1,1,1,1459374440),(5,19,0,0,1,2,1459374440),(27,29,1,1,1,1,1459374440),(18,17,1,0,1,1,1459374444),(36,27,0,1,1,1,1459374444),(25,7,1,1,0,1,1459374445),(28,28,1,1,0,1,1459374446),(32,32,1,1,1,1,1459374446),(33,31,1,1,1,1,1459374446),(18,17,1,0,1,2,1459374447),(26,5,1,1,1,1,1459374448),(22,9,0,1,1,1,1459374449),(9,32,1,1,1,1,1459374449),(25,7,1,1,1,2,1459374449),(4,22,1,1,1,1,1459374450),(28,28,1,1,1,2,1459374450),(34,21,0,1,1,2,1459374451),(30,30,1,1,1,2,1459374452),(6,35,1,1,1,1,1459374453),(14,35,1,1,1,2,1459374453),(29,20,0,1,1,1,1459374454),(22,9,0,1,1,2,1459374455),(12,40,1,1,1,1,1459374458),(26,10,1,1,1,2,1459374459),(21,35,1,1,1,1,1459374461),(13,15,0,1,0,1,1459374462),(31,36,1,1,1,1,1459374462),(25,3,0,1,1,1,1459374463),(32,28,1,1,0,2,1459374464),(25,3,0,1,1,2,1459374465),(22,9,1,1,1,3,1459374465),(1,27,0,1,1,1,1459374466),(3,30,1,1,1,1,1459374467),(24,12,0,1,1,2,1459374467),(18,30,1,1,1,1,1459374468),(10,36,0,1,0,1,1459374469),(16,29,1,1,1,1,1459374470),(28,16,1,1,1,1,1459374470),(35,2,0,1,1,2,1459374471),(21,5,1,1,1,1,1459374474),(38,38,1,1,1,1,1459374474),(39,34,1,1,1,1,1459374477),(34,36,1,1,1,1,1459374481),(35,2,1,1,1,3,1459374482),(20,7,1,1,1,1,1459374482),(29,3,1,1,1,1,1459374483),(22,28,0,1,0,1,1459374483),(32,29,1,1,1,1,1459374485),(36,7,1,1,0,1,1459374486),(12,12,0,1,1,1,1459374487),(13,32,1,1,1,2,1459374488),(8,8,1,1,1,1,1459374489),(18,8,1,1,1,1,1459374491),(34,19,1,1,1,1,1459374492),(19,20,1,1,1,1,1459374492),(26,37,1,1,1,1,1459374492),(3,34,0,1,1,1,1459374492),(15,33,1,1,1,1,1459374493),(40,18,1,1,1,1,1459374493),(11,39,1,1,1,1,1459374494),(27,21,0,1,1,1,1459374494),(28,15,1,1,1,1,1459374495),(7,27,0,1,1,1,1459374495),(14,16,1,1,1,1,1459374495),(3,34,1,1,1,2,1459374496),(36,7,1,1,1,2,1459374496),(31,9,1,1,1,1,1459374497),(17,10,1,1,1,1,1459374498),(22,30,0,1,1,1,1459374498),(5,31,1,1,1,1,1459374500),(21,36,1,1,0,1,1459374500),(33,38,1,1,1,1,1459374500),(22,30,0,1,1,2,1459374500),(22,30,1,1,1,3,1459374503),(19,27,0,1,1,1,1459374503),(16,22,1,1,1,1,1459374503),(24,36,0,1,1,1,1459374506),(28,31,1,1,1,1,1459374506),(14,18,1,1,1,1,1459374508),(27,28,1,1,0,1,1459374508),(18,26,1,0,1,1,1459374508),(20,27,0,1,1,1,1459374511),(18,26,1,0,1,2,1459374511),(29,30,1,1,1,1,1459374511),(38,35,0,0,1,1,1459374512),(18,26,1,0,1,3,1459374512),(24,36,1,1,1,2,1459374513),(42,24,1,1,1,1,1459374513),(1,27,0,1,1,2,1459374514),(18,26,1,0,1,4,1459374514),(25,10,1,1,1,1,1459374515),(22,31,0,0,1,1,1459374515),(15,31,1,1,1,1,1459374516),(30,21,0,0,1,1,1459374516),(8,4,1,1,1,1,1459374517),(1,27,1,1,1,3,1459374518),(9,39,1,1,1,1,1459374518),(18,26,1,0,1,5,1459374519),(2,12,0,1,1,2,1459374521),(17,7,0,0,1,1,1459374522),(7,30,1,1,1,1,1459374523),(3,15,1,1,0,1,1459374524),(16,7,1,1,0,1,1459374524),(11,33,0,0,0,1,1459374525),(34,31,1,1,1,1,1459374526),(29,4,1,1,1,1,1459374526),(22,38,0,0,0,1,1459374526),(31,30,1,1,1,1,1459374527),(39,36,0,1,1,1,1459374528),(33,12,0,1,1,2,1459374528),(16,7,1,1,1,2,1459374528),(35,4,1,1,1,2,1459374528),(38,36,1,1,1,1,1459374531),(41,30,1,1,1,1,1459374531),(1,29,1,1,1,1,1459374531),(10,24,1,1,1,1,1459374532),(26,12,0,1,1,1,1459374534),(39,36,0,1,1,2,1459374534),(29,17,1,1,1,1,1459374534),(24,24,1,1,1,1,1459374536),(36,32,1,1,1,1,1459374537),(16,28,1,1,0,1,1459374537),(13,28,1,1,0,1,1459374537),(31,3,1,1,1,1,1459374538),(30,35,0,1,1,1,1459374538),(11,22,1,1,1,1,1459374540),(16,28,1,1,0,2,1459374540),(22,19,0,1,1,1,1459374542),(4,28,1,1,1,1,1459374542),(7,13,0,0,0,2,1459374542),(17,39,1,1,1,2,1459374543),(16,28,1,1,1,3,1459374543),(38,8,1,1,1,2,1459374544),(10,29,0,1,1,1,1459374544),(22,19,0,1,1,2,1459374544),(25,29,1,1,1,1,1459374545),(39,7,1,1,1,1,1459374546),(18,13,0,1,1,1,1459374546),(22,19,0,1,1,3,1459374547),(22,19,1,1,1,4,1459374549),(20,38,1,1,0,1,1459374551),(28,36,1,1,1,4,1459374551),(32,4,1,1,1,1,1459374553),(30,27,0,1,1,1,1459374554),(23,38,1,1,1,1,1459374555),(17,40,1,1,1,1,1459374556),(26,3,1,1,1,2,1459374556),(8,17,1,1,1,1,1459374557),(6,31,1,1,1,1,1459374559),(7,18,1,1,1,2,1459374561),(28,20,1,1,1,1,1459374561),(29,22,1,1,1,1,1459374562),(18,38,0,1,1,1,1459374562),(22,25,0,1,1,1,1459374562),(41,19,1,1,1,1,1459374564),(31,18,1,1,1,1,1459374566),(22,25,0,1,1,2,1459374566),(35,30,1,1,1,1,1459374568),(27,12,0,1,1,1,1459374569),(22,25,0,1,1,3,1459374569),(10,2,0,1,1,1,1459374570),(4,32,1,1,1,1,1459374570),(24,15,1,1,1,1,1459374570),(34,14,1,1,1,1,1459374570),(2,27,0,1,1,1,1459374572),(1,13,0,1,1,1,1459374572),(22,25,1,1,1,4,1459374572),(38,33,1,1,1,1,1459374574),(16,35,1,1,1,1,1459374575),(13,23,1,0,0,1,1459374576),(30,27,1,1,1,2,1459374577),(11,28,1,1,1,1,1459374578),(42,16,0,1,1,1,1459374578),(40,31,0,0,1,1,1459374580),(10,2,1,1,1,2,1459374580),(42,16,1,1,1,2,1459374581),(32,17,1,1,1,1,1459374581),(18,4,1,1,1,2,1459374582),(34,11,1,1,1,1,1459374582),(27,20,1,1,1,1,1459374584),(41,28,1,1,1,1,1459374584),(22,32,0,1,1,1,1459374584),(1,13,1,1,1,2,1459374585),(22,32,0,1,1,2,1459374586),(33,39,1,1,1,1,1459374586),(31,15,0,1,1,1,1459374587),(9,7,1,1,1,1,1459374589),(22,32,0,1,1,3,1459374589),(25,35,0,1,1,1,1459374589),(25,35,1,1,1,2,1459374591),(22,32,0,1,1,4,1459374592),(42,11,1,1,1,1,1459374592),(22,32,0,1,1,5,1459374594),(3,24,1,1,1,1,1459374595),(30,40,1,1,1,1,1459374597),(18,13,0,1,1,2,1459374597),(22,32,3,3,3,6,1459374597),(1,39,0,0,0,1,1459374598),(33,37,1,1,1,1,1459374598),(27,32,0,1,1,1,1459374598),(31,37,1,1,1,1,1459374599),(23,5,1,1,1,1,1459374599),(5,39,1,1,1,1,1459374601),(17,29,1,1,1,1,1459374604),(35,31,1,1,1,1,1459374604),(19,10,1,1,1,1,1459374605),(7,27,1,1,1,2,1459374606),(25,12,0,1,1,2,1459374607),(41,34,1,1,1,1,1459374610),(30,19,0,0,1,2,1459374610),(25,12,0,1,1,3,1459374610),(25,12,0,1,1,4,1459374611),(36,19,1,1,1,1,1459374611),(3,15,1,1,0,2,1459374612),(39,36,1,1,1,3,1459374612),(12,4,1,1,1,1,1459374612),(6,12,0,1,1,1,1459374613),(38,15,0,1,1,1,1459374613),(10,19,0,1,1,1,1459374613),(35,7,1,1,1,1,1459374616),(18,39,0,0,1,1,1459374617),(29,18,1,1,1,1,1459374617),(25,12,0,1,1,5,1459374617),(18,39,0,0,1,2,1459374617),(25,12,3,3,3,6,1459374619),(34,10,1,1,1,2,1459374619),(12,15,1,1,1,1,1459374619),(36,17,1,1,1,1,1459374620),(4,18,1,1,1,1,1459374620),(38,15,0,1,1,2,1459374621),(30,35,0,1,1,2,1459374622),(13,6,1,1,1,1,1459374623),(2,37,1,1,1,1,1459374624),(5,35,1,1,1,1,1459374625),(38,15,0,1,1,3,1459374625),(20,15,1,1,1,1,1459374626),(15,38,0,1,1,1,1459374628),(41,29,1,1,1,1,1459374628),(12,24,1,1,1,1,1459374628),(30,35,0,1,1,3,1459374629),(38,15,0,1,1,4,1459374629),(14,34,1,1,1,1,1459374630),(34,16,1,1,1,1,1459374630),(39,8,1,1,1,1,1459374631),(30,35,0,1,1,4,1459374631),(11,9,1,1,1,1,1459374632),(38,15,0,1,1,5,1459374633),(30,35,0,1,1,5,1459374633),(13,22,0,1,1,1,1459374634),(38,15,3,3,3,6,1459374635),(30,35,3,3,3,6,1459374636),(27,21,1,1,1,2,1459374639),(32,28,1,1,1,3,1459374639),(39,31,1,1,1,1,1459374641),(15,38,1,1,1,2,1459374641),(20,21,1,1,1,1,1459374643),(16,36,1,1,1,1,1459374645),(18,14,0,0,0,4,1459374647),(17,3,1,1,1,1,1459374649),(30,21,1,1,1,2,1459374652),(11,36,1,0,1,1,1459374654),(36,33,1,1,1,1,1459374654),(41,22,1,1,1,1,1459374654),(4,35,1,1,1,1,1459374655),(27,34,0,1,1,1,1459374655),(32,7,1,1,1,1,1459374658),(9,27,0,1,1,2,1459374658),(21,20,1,1,1,1,1459374659),(18,38,1,1,1,2,1459374659),(20,27,0,1,1,2,1459374663),(9,27,0,1,1,3,1459374665),(37,35,1,1,1,1,1459374666),(3,35,1,1,1,1,1459374666),(19,19,1,1,1,1,1459374667),(10,14,1,1,1,2,1459374669),(36,4,1,0,1,1,1459374669),(6,27,0,1,1,1,1459374669),(23,30,1,1,1,1,1459374670),(7,35,1,1,1,1,1459374670),(22,8,0,1,1,1,1459374671),(22,8,0,1,1,2,1459374674),(3,15,1,1,1,3,1459374674),(22,8,0,1,1,3,1459374676),(13,39,0,1,1,1,1459374677),(38,12,1,1,1,1,1459374678),(37,20,1,1,1,1,1459374678),(41,39,1,1,1,1,1459374678),(34,28,1,1,0,2,1459374678),(26,9,1,1,1,1,1459374679),(22,8,0,1,1,4,1459374679),(24,31,0,0,1,1,1459374679),(35,27,0,1,1,2,1459374681),(22,8,0,1,1,5,1459374682),(8,5,1,1,1,1,1459374683),(31,28,1,1,0,1,1459374683),(9,5,0,0,1,1,1459374683),(7,31,1,1,1,1,1459374684),(22,8,3,3,3,6,1459374685),(4,37,1,0,1,1,1459374687),(38,18,0,1,1,1,1459374688),(18,20,0,1,1,1,1459374689),(16,5,1,1,1,2,1459374689),(13,22,1,1,1,2,1459374689),(32,6,1,1,1,1,1459374689),(36,40,1,1,1,1,1459374690),(5,27,0,1,1,1,1459374690),(28,5,1,0,1,1,1459374692),(10,16,1,1,0,1,1459374692),(37,7,1,1,1,1,1459374692),(16,21,1,1,1,1,1459374695),(2,10,1,1,1,1,1459374698),(31,28,1,1,1,2,1459374698),(9,6,1,1,1,1,1459374700),(13,25,1,1,1,1,1459374700),(22,29,0,1,1,1,1459374700),(32,31,0,0,1,1,1459374701),(27,30,1,1,1,1,1459374702),(35,20,1,1,1,1,1459374702),(22,29,1,1,1,2,1459374703),(41,12,0,1,1,1,1459374703),(29,31,0,0,1,1,1459374704),(38,40,1,1,1,1,1459374704),(5,19,0,0,1,3,1459374705),(37,21,1,1,1,1,1459374705),(42,13,0,1,1,1,1459374708),(8,14,1,1,1,1,1459374710),(21,14,1,1,1,1,1459374710),(30,23,1,1,1,1,1459374712),(38,25,1,1,1,1,1459374712),(36,31,1,1,1,2,1459374713),(27,36,1,1,0,1,1459374715),(22,24,0,1,1,1,1459374715),(17,20,1,1,1,1,1459374716),(12,36,1,1,1,1,1459374717),(31,12,0,1,1,1,1459374718),(22,24,0,1,1,2,1459374719),(16,24,1,1,1,2,1459374721),(33,25,1,1,1,1,1459374721),(22,24,0,1,1,3,1459374723),(1,12,0,1,1,1,1459374723),(12,11,1,1,1,1,1459374724),(22,24,1,1,1,4,1459374725),(7,25,0,1,1,1,1459374726),(14,12,0,1,1,2,1459374726),(11,36,1,0,1,2,1459374728),(34,21,1,1,1,3,1459374728),(42,13,1,1,1,2,1459374728),(21,12,0,1,1,2,1459374729),(6,27,1,1,1,2,1459374729),(31,15,1,1,1,2,1459374729),(33,33,0,1,1,1,1459374730),(1,12,1,1,1,2,1459374731),(16,32,1,1,1,1,1459374732),(4,37,1,1,1,2,1459374734),(28,5,1,1,1,2,1459374734),(17,28,1,1,0,1,1459374734),(11,36,1,0,1,3,1459374735),(12,35,1,1,1,1,1459374736),(3,20,1,1,1,1,1459374737),(30,29,0,0,1,1,1459374737),(35,36,1,1,0,1,1459374737),(18,20,1,1,1,2,1459374737),(6,39,1,1,1,1,1459374739),(31,6,1,1,1,1,1459374739),(10,34,1,1,1,2,1459374739),(17,28,1,1,1,2,1459374740),(25,27,0,1,1,1,1459374740),(7,22,1,1,1,1,1459374740),(41,24,1,1,1,1,1459374741),(20,31,0,0,1,1,1459374741),(15,29,1,1,1,1,1459374742),(27,18,0,1,1,1,1459374743),(32,30,1,1,1,1,1459374743),(13,18,1,1,1,1,1459374744),(4,3,1,1,1,2,1459374745),(18,14,0,0,1,5,1459374746),(25,27,0,1,1,2,1459374746),(11,36,1,0,1,4,1459374746),(23,9,1,1,1,1,1459374746),(34,28,1,1,1,3,1459374747),(40,7,1,1,1,1,1459374747),(19,23,1,1,1,1,1459374748),(33,23,1,1,1,1,1459374749),(29,33,0,1,1,1,1459374749),(18,14,3,3,3,6,1459374750),(38,39,1,1,1,2,1459374752),(11,36,1,0,1,5,1459374752),(15,35,1,1,1,1,1459374752),(17,34,1,1,1,1,1459374753),(27,34,1,1,1,2,1459374753),(26,34,1,1,1,1,1459374753),(37,37,0,1,1,3,1459374754),(42,2,1,1,1,1,1459374758),(31,23,0,1,0,1,1459374758),(13,39,0,1,1,2,1459374760),(15,34,1,1,1,1,1459374760),(22,15,1,1,1,1,1459374761),(20,38,1,1,1,2,1459374764),(17,38,1,1,1,1,1459374765),(30,38,1,1,1,1,1459374765),(36,21,1,1,1,1,1459374765),(25,22,1,1,1,1,1459374765),(1,39,0,1,1,2,1459374766),(40,30,1,1,1,1,1459374767),(37,37,0,1,1,4,1459374768),(7,39,1,1,1,1,1459374769),(3,28,1,1,0,1,1459374769),(15,32,1,1,1,1,1459374770),(37,37,0,1,1,5,1459374770),(35,36,1,1,1,2,1459374771),(13,19,0,1,1,1,1459374772),(37,37,3,3,3,6,1459374773),(12,12,0,1,1,2,1459374775),(25,32,1,1,1,1,1459374775),(4,39,1,1,1,1,1459374779),(1,33,0,1,1,1,1459374782),(40,31,1,1,1,2,1459374782),(22,39,1,1,1,1,1459374783),(1,33,0,1,1,2,1459374783),(42,28,1,1,0,1,1459374784),(37,19,1,1,1,1,1459374786),(30,25,0,1,1,1,1459374786),(16,23,0,1,1,2,1459374786),(3,28,1,1,1,2,1459374787),(34,12,0,1,1,2,1459374788),(39,13,0,1,1,1,1459374788),(27,10,0,1,1,1,1459374788),(1,33,1,1,1,3,1459374788),(18,39,1,1,1,3,1459374789),(35,12,0,1,1,1,1459374790),(41,7,1,1,1,1,1459374794),(12,29,1,1,1,1,1459374796),(26,12,0,1,1,2,1459374797),(23,12,0,1,1,1,1459374797),(17,31,0,1,1,1,1459374797),(25,25,1,1,1,1,1459374798),(1,22,1,1,1,1,1459374798),(22,12,0,1,1,1,1459374798),(6,37,1,1,1,1,1459374800),(38,35,1,1,1,2,1459374801),(18,11,0,1,1,1,1459374802),(18,11,0,1,1,2,1459374803),(16,23,1,1,1,3,1459374804),(2,30,1,1,1,1,1459374804),(18,11,1,1,1,3,1459374805),(22,12,0,1,1,2,1459374806),(22,12,1,1,1,3,1459374808),(38,24,1,1,1,1,1459374811),(16,18,1,1,1,1,1459374811),(32,40,1,1,1,1,1459374811),(13,38,0,0,0,1,1459374812),(11,30,1,1,1,1,1459374813),(26,39,1,1,1,1,1459374814),(31,26,0,0,1,1,1459374814),(42,28,1,1,1,2,1459374815),(29,20,1,1,1,2,1459374816),(27,15,1,1,1,1,1459374817),(22,14,0,1,1,1,1459374817),(24,40,1,1,1,1,1459374818),(4,36,1,0,1,1,1459374818),(18,32,1,1,1,1,1459374819),(22,14,1,1,1,2,1459374820),(21,10,1,1,1,1,1459374820),(37,25,1,1,1,1,1459374820),(36,20,1,1,1,1,1459374821),(32,15,1,1,0,2,1459374822),(16,37,1,1,1,1,1459374824),(3,13,0,1,1,1,1459374824),(35,33,1,1,1,1,1459374824),(13,19,0,1,1,2,1459374825),(14,20,0,1,1,1,1459374825),(11,14,1,1,1,1,1459374826),(27,18,1,1,1,2,1459374826),(7,34,1,1,1,1,1459374827),(34,12,0,1,1,3,1459374827),(10,11,1,1,1,1,1459374830),(38,18,1,1,1,2,1459374830),(2,36,1,1,1,1,1459374831),(19,17,1,1,1,1,1459374832),(31,12,1,1,1,2,1459374832),(11,34,1,1,1,1,1459374834),(22,6,0,1,1,1,1459374835),(21,21,1,1,1,1,1459374835),(41,35,1,1,1,1,1459374835),(13,19,1,1,1,3,1459374836),(25,36,1,0,0,1,1459374836),(22,6,0,1,1,2,1459374837),(18,36,1,0,1,1,1459374837),(38,26,1,1,1,1,1459374837),(16,16,1,1,1,1,1459374838),(36,2,0,1,1,1,1459374838),(27,32,1,1,1,2,1459374838),(18,36,1,0,1,2,1459374839),(22,6,0,1,1,3,1459374839),(34,8,1,1,1,1,1459374840),(18,36,1,0,1,3,1459374841),(5,2,0,0,1,1,1459374842),(18,36,1,1,1,4,1459374842),(22,6,0,1,1,4,1459374842),(13,39,1,1,1,3,1459374843),(17,31,1,1,1,2,1459374844),(22,6,0,1,1,5,1459374844),(23,39,1,1,1,1,1459374845),(36,2,0,1,1,2,1459374846),(22,6,3,3,3,6,1459374847),(35,13,0,0,1,1,1459374848),(1,15,0,1,0,1,1459374851),(25,3,0,0,1,3,1459374851),(33,14,0,1,1,1,1459374851),(37,13,0,1,1,1,1459374852),(1,15,1,1,0,2,1459374853),(7,40,1,1,1,1,1459374853),(18,40,1,0,1,1,1459374854),(28,21,1,1,1,1,1459374854),(11,8,0,1,1,1,1459374855),(18,40,1,0,1,2,1459374855),(30,19,0,1,1,3,1459374856),(18,40,1,0,1,3,1459374856),(13,24,0,0,0,1,1459374857),(32,22,1,1,1,1,1459374857),(27,12,0,1,1,2,1459374857),(18,40,1,1,1,4,1459374858),(22,36,0,0,1,1,1459374858),(30,19,0,1,1,4,1459374858),(31,31,0,0,1,2,1459374859),(31,31,0,0,1,3,1459374859),(6,30,1,1,1,1,1459374859),(19,35,1,1,1,1,1459374859),(10,29,1,1,1,2,1459374859),(30,19,0,1,1,5,1459374860),(8,32,1,1,1,1,1459374861),(15,37,1,1,1,1,1459374861),(34,23,0,1,1,1,1459374861),(30,19,3,3,3,6,1459374862),(22,36,0,0,1,2,1459374862),(42,29,1,1,1,1,1459374862),(37,13,1,1,1,2,1459374863),(34,23,0,1,1,2,1459374863),(16,38,0,1,1,3,1459374865),(7,4,1,1,1,1,1459374866),(12,33,1,1,1,1,1459374866),(28,27,0,1,1,2,1459374866),(1,38,1,1,1,1,1459374867),(26,30,1,1,1,1,1459374868),(29,28,1,1,1,2,1459374868),(28,27,1,1,1,3,1459374868),(10,8,1,1,1,1,1459374869),(36,38,0,1,1,1,1459374869),(22,38,1,1,1,2,1459374870),(34,23,1,1,1,3,1459374870),(33,33,1,1,1,2,1459374870),(30,25,1,1,1,2,1459374871),(31,13,1,1,1,1,1459374871),(15,18,0,1,1,1,1459374872),(20,35,1,1,1,1,1459374873),(38,28,0,0,0,1,1459374873),(32,31,0,0,1,2,1459374873),(18,22,0,0,1,1,1459374873),(27,10,1,1,1,2,1459374873),(23,13,0,1,1,1,1459374874),(11,8,0,1,1,2,1459374874),(18,22,0,0,1,2,1459374875),(11,8,0,1,1,3,1459374876),(19,14,1,1,1,1,1459374876),(1,31,1,1,1,1,1459374876),(18,22,0,1,1,3,1459374877),(11,8,0,1,1,4,1459374877),(12,19,0,0,0,1,1459374877),(29,25,1,1,1,1,1459374877),(23,13,0,1,1,2,1459374878),(13,38,0,0,1,2,1459374879),(18,22,1,1,1,4,1459374879),(11,8,1,1,1,5,1459374880),(34,12,0,1,1,4,1459374880),(23,13,0,1,1,3,1459374881),(42,12,0,1,1,1,1459374881),(15,40,1,1,1,1,1459374882),(23,13,0,1,1,4,1459374882),(34,12,1,1,1,5,1459374884),(23,13,0,1,1,5,1459374884),(30,24,1,1,1,1,1459374884),(26,38,1,1,1,1,1459374885),(18,35,1,1,1,1,1459374885),(7,23,1,1,1,1,1459374886),(23,13,3,3,3,6,1459374886),(32,18,1,1,1,1,1459374887),(28,37,0,1,1,1,1459374887),(34,5,0,0,0,1,1459374888),(28,37,1,1,1,2,1459374889),(13,40,1,1,1,1,1459374889),(35,38,1,1,1,1,1459374890),(8,22,1,1,1,1,1459374890),(39,13,1,1,1,2,1459374891),(11,5,1,0,0,2,1459374891),(5,28,0,1,0,1,1459374893),(12,12,0,1,1,3,1459374893),(3,13,1,1,1,2,1459374894),(33,14,1,1,1,2,1459374894),(34,5,0,0,1,2,1459374895),(38,19,0,1,1,1,1459374895),(18,13,0,1,1,3,1459374896),(18,13,0,1,1,4,1459374897),(13,12,0,1,1,1,1459374898),(26,18,0,1,1,1,1459374898),(2,14,1,1,1,1,1459374899),(22,40,1,0,1,1,1459374899),(18,13,1,1,1,5,1459374899),(32,38,1,1,1,1,1459374900),(10,27,1,1,1,1,1459374900),(38,19,0,1,1,2,1459374900),(17,13,1,1,1,1,1459374900),(29,37,1,1,1,1,1459374901),(38,19,0,1,1,3,1459374902),(7,29,1,1,1,1,1459374902),(31,26,0,0,1,2,1459374903),(38,19,0,1,1,4,1459374903),(22,40,0,0,1,2,1459374904),(34,5,0,1,1,3,1459374904),(11,18,1,1,1,1,1459374905),(37,36,1,1,1,1,1459374905),(40,38,0,1,1,1,1459374906);
/*!40000 ALTER TABLE `stat_log` ENABLE KEYS */;
UNLOCK TABLES;

--
-- Table structure for table `team_data`
--

DROP TABLE IF EXISTS `team_data`;
/*!40101 SET @saved_cs_client     = @@character_set_client */;
/*!40101 SET character_set_client = utf8 */;
CREATE TABLE `team_data` (
  `team_id` int(8) NOT NULL,
  `team_nickname` varchar(50) NOT NULL,
  `password` varchar(8) NOT NULL,
  `points` int(8) NOT NULL,
  `rank_freetime` int(8) NOT NULL,
  `last_checkin_time` int(18) NOT NULL,
  `last_point` int(18) NOT NULL,
  `rank_final` int(8) NOT NULL,
  `history` varchar(150) NOT NULL,
  `attempts` varchar(150) NOT NULL
) ENGINE=InnoDB DEFAULT CHARSET=latin1;
/*!40101 SET character_set_client = @saved_cs_client */;

--
-- Dumping data for table `team_data`
--

LOCK TABLES `team_data` WRITE;
/*!40000 ALTER TABLE `team_data` DISABLE KEYS */;
INSERT INTO `team_data` VALUES (1,'WE ONE','AYNJB3',192,23,1459374876,1459374876,26,'1;1;1;1;0;1;0;0;0;1;1;1;1;1;2;1;1;1;0;1;0;1;0;0;0;0;1;0;1;0;1;1;1;0;0;0;0;1;2;0','1;2;2;2;0;1;0;0;0;1;1;2;2;1;2;1;1;1;0;1;0;1;0;0;0;0;3;0;1;0;1;1;3;0;0;0;0;1;2;0'),(2,'Die Anterwood','K8ACXJ',100,39,1459374899,1459374899,42,'1;1;0;1;0;1;0;1;0;1;0;2;0;1;0;0;0;0;0;0;0;0;0;0;0;0;2;0;0;1;0;0;0;0;0;1;1;0;1;0','1;3;0;1;0;3;0;2;0;1;0;2;0;1;0;0;0;0;0;0;0;0;0;0;0;0;1;0;0;1;0;0;0;0;0;1;1;0;1;0'),(3,'s33l teem 3','DS4ATC',192,25,1459374894,1459374894,27,'1;1;1;1;1;0;0;1;1;1;1;0;1;1;1;1;1;0;0;1;0;0;0;1;0;0;0;1;0;1;0;1;0;1;1;0;0;0;0;0','1;2;2;1;1;0;0;2;1;1;1;0;2;1;3;2;1;0;0;1;0;0;0;1;0;0;0;2;0;1;0;1;0;2;1;0;0;0;0;0'),(4,'','18Q8BA',236,3,1459374818,1459374779,18,'1;1;1;1;0;1;1;0;0;2;1;0;1;1;0;1;1;1;0;1;0;1;1;1;0;0;0;1;0;0;0;1;1;1;1;2;1;0;1;1','1;1;2;1;0;1;1;0;0;1;1;0;1;1;0;1;1;1;0;1;0;1;1;1;0;0;0;1;0;0;0;1;1;1;1;1;2;0;1;1'),(5,'Answer Sheet','GAKLXS',158,29,1459374893,1459374625,38,'1;2;0;2;0;1;1;0;0;0;0;0;1;0;0;0;1;1;2;1;0;1;0;0;1;0;2;2;0;1;1;1;0;0;1;0;1;1;1;0','1;1;0;1;0;1;1;0;0;0;0;0;1;0;0;0;1;1;3;1;0;1;0;0;1;0;1;1;0;1;1;1;0;0;1;0;1;2;1;0'),(6,'Answer Sheet','PXG37H',242,8,1459374859,1459374859,17,'1;1;1;1;1;1;1;0;1;1;1;2;1;1;1;1;0;1;1;0;0;0;1;0;1;0;1;0;0;1;1;0;1;0;1;0;1;0;1;0','2;2;1;1;1;1;2;0;1;1;1;1;1;1;1;1;0;1;1;0;0;0;1;0;1;0;2;0;0;1;1;0;1;0;1;0;1;0;1;0'),(7,'Slackers','WHFXL4',262,15,1459374902,1459374902,12,'1;1;1;1;1;1;0;0;1;1;1;0;2;1;1;1;1;1;1;0;1;1;1;0;2;0;1;1;1;1;1;0;0;1;1;0;0;0;1;1','2;1;1;1;1;1;0;0;1;1;2;0;2;1;1;1;1;2;1;0;1;1;1;0;1;0;2;1;1;1;1;0;0;1;1;0;0;0;1;1'),(8,'Answer Sheet','6PMZP5',178,35,1459374890,1459374890,30,'1;1;1;1;1;1;0;1;1;1;1;0;1;1;1;0;1;0;0;0;0;1;0;0;0;0;0;0;0;0;0;1;0;0;0;0;0;0;1;1','1;1;1;1;1;1;0;1;1;1;1;0;2;1;1;0;1;0;0;0;0;1;0;0;0;0;0;0;0;0;0;1;0;0;0;0;0;0;1;1'),(9,'','3F3JD5',162,20,1459374700,1459374700,36,'1;0;1;1;2;1;1;1;0;0;1;0;1;1;0;0;1;0;0;1;0;1;0;1;1;0;2;0;0;0;0;1;0;1;0;0;0;0;1;0','2;0;1;1;1;1;1;2;0;0;1;0;3;1;0;0;1;0;0;1;0;1;0;1;1;0;3;0;0;0;0;1;0;1;0;0;0;0;1;0'),(10,'Team 10','KL5VWS',196,30,1459374900,1459374900,24,'1;1;1;0;0;1;1;1;0;0;1;2;0;1;0;2;1;0;2;1;0;1;0;1;0;0;1;1;1;0;1;1;1;1;2;2;0;0;1;1','1;2;1;0;0;1;2;1;0;0;1;1;0;2;0;1;1;0;1;2;0;1;0;1;0;0;1;1;2;0;2;1;1;2;1;1;0;0;1;1'),(11,'Extra Credit ','CBFJ5D',196,31,1459374905,1459374905,25,'1;1;1;1;2;1;0;1;1;1;1;0;1;1;0;1;1;1;1;0;0;1;0;0;0;0;0;1;2;1;0;1;2;1;0;2;0;0;1;0','2;2;1;1;2;1;0;5;1;1;1;0;1;1;0;1;2;1;1;0;0;1;0;0;0;0;0;1;1;1;0;1;1;1;0;5;0;0;1;0'),(12,'Bumblebee Extreme','SRMYEX',260,27,1459374893,1459374866,13,'1;1;1;1;0;1;0;1;1;1;1;2;1;1;1;1;0;1;2;0;0;1;0;1;1;0;0;1;1;0;1;1;1;1;1;1;1;0;2;1','2;3;1;1;0;1;0;1;1;1;1;3;1;1;1;1;0;1;1;0;0;1;0;1;1;0;0;3;1;0;1;1;1;1;1;1;1;0;1;1'),(13,'Lucky 13','SAC51R',136,41,1459374898,1459374889,41,'1;1;1;0;0;1;0;2;1;0;1;2;0;2;2;1;1;1;1;0;0;1;2;2;1;0;0;2;0;0;2;1;0;1;0;0;0;2;1;1','4;1;2;0;0;1;0;1;1;0;2;1;0;1;1;1;2;1;3;0;0;2;1;1;1;0;0;1;0;0;1;2;0;1;0;0;0;2;3;1'),(14,'','ZUXT41',208,11,1459374825,1459374630,22,'1;1;1;1;0;1;0;1;1;1;1;2;0;1;0;1;1;1;0;2;0;0;0;1;0;0;0;0;1;0;1;1;0;1;1;0;1;0;1;1','2;1;2;2;0;1;0;1;1;1;1;2;0;3;0;1;1;1;0;1;0;0;0;1;0;0;0;0;1;0;1;1;0;1;2;0;1;0;1;1'),(15,'Mathericks','PDCJYY',256,18,1459374882,1459374882,14,'1;1;1;1;1;1;0;1;1;1;0;0;0;1;1;2;1;2;0;1;1;1;1;1;0;0;0;0;1;0;1;1;1;1;1;0;1;1;0;1','1;2;1;1;1;1;0;1;1;1;0;0;0;1;1;1;1;1;0;1;1;1;1;1;0;0;0;0;1;0;1;1;1;1;1;0;1;2;0;1'),(16,'Sweet 16','2217BV',320,4,1459374865,1459374838,4,'1;1;1;3;1;1;1;1;1;1;1;1;1;1;1;1;1;1;1;1;1;1;1;1;0;0;1;1;1;0;1;1;1;1;1;1;1;2;1;1','1;4;3;6;2;1;2;1;1;1;1;2;1;1;2;1;1;1;1;1;1;1;3;2;0;0;2;3;1;0;1;1;1;1;1;1;1;3;1;1'),(17,'','BTCNHG',202,36,1459374900,1459374900,23,'1;1;1;1;0;1;2;0;0;1;0;3;1;0;0;0;1;0;1;1;0;1;0;0;0;0;0;1;1;0;1;1;1;1;0;0;1;1;1;1','1;2;1;1;0;1;1;0;0;1;0;7;1;0;0;0;1;0;1;1;0;1;0;0;0;0;0;2;1;0;2;1;1;1;0;0;1;1;2;1'),(18,'Answer Sheet','BZHDU9',158,40,1459374899,1459374899,39,'1;1;3;1;0;1;0;1;1;0;1;0;1;3;1;1;2;1;0;1;0;1;0;0;0;2;1;0;1;1;0;1;0;0;1;1;0;1;1;1','4;3;6;2;0;1;0;1;1;0;3;0;5;6;4;1;2;1;0;2;0;4;0;0;0;5;4;0;1;1;0;1;0;0;1;4;0;2;3;4'),(19,'Mavsssssss','VKTH4M',162,42,1459374876,1459374876,37,'1;2;1;1;0;1;0;0;1;1;0;0;1;1;0;0;1;0;1;1;0;0;1;1;0;0;2;1;0;0;0;0;0;1;1;0;0;0;0;1','2;1;2;1;0;1;0;0;2;1;0;0;2;1;0;0;1;0;1;1;0;0;1;1;0;0;1;1;0;0;0;0;0;1;1;0;0;0;0;1'),(20,'Hello','9HRBRE',164,24,1459374873,1459374873,35,'2;1;1;1;0;1;1;1;0;2;1;2;0;1;1;1;1;0;0;0;1;2;1;0;0;0;2;0;1;0;2;0;0;0;1;0;1;1;1;0','3;1;2;2;0;2;1;3;0;1;1;1;0;1;1;2;1;0;0;0;1;1;1;0;0;0;2;0;2;0;1;0;0;0;1;0;1;2;1;0'),(21,'Twenty-One','1J7RF8',226,16,1459374835,1459374835,20,'1;1;2;1;1;1;0;0;1;1;1;2;1;1;0;1;1;0;0;1;1;1;0;1;0;0;0;0;1;1;1;0;1;1;1;2;0;0;1;0','1;1;1;2;1;1;0;0;1;1;1;2;2;1;0;1;1;0;0;1;1;1;0;1;0;0;0;0;1;1;1;0;1;1;1;1;0;0;1;0'),(22,'Strawberry Lemonade','BHSDVZ',166,32,1459374904,1459374870,34,'1;1;1;1;0;3;0;3;1;1;1;1;3;1;1;0;0;0;1;0;0;0;1;1;1;0;1;2;1;1;2;3;1;1;0;2;1;1;1;2','2;3;1;1;0;6;0;6;3;2;1;3;6;2;1;0;0;0;4;0;0;0;1;4;4;0;3;1;2;3;1;6;4;1;0;2;1;2;1;2'),(23,'','KWQT1A',138,34,1459374886,1459374845,40,'0;1;1;0;1;0;0;2;1;0;0;2;3;1;0;0;1;0;0;0;0;0;1;0;0;0;0;0;0;1;1;1;1;1;0;0;0;1;1;0','0;1;2;0;1;0;0;1;1;0;0;1;6;1;0;0;1;0;0;0;0;0;1;0;0;0;0;0;0;1;1;1;1;1;0;0;0;1;1;0'),(24,'Team 24','SLKBTE',176,26,1459374818,1459374818,32,'1;1;1;1;1;1;1;0;1;2;0;2;1;2;1;0;1;0;0;1;0;1;0;1;0;0;1;0;0;0;2;0;0;1;1;1;0;0;0;1','2;2;3;1;1;1;2;0;1;1;0;2;1;1;1;0;1;0;0;1;0;1;0;1;0;0;2;0;0;0;1;0;0;1;1;2;0;0;0;1'),(25,'Answer Sheet','NSM5U4',332,12,1459374851,1459374798,2,'1;1;2;1;1;1;1;1;1;1;1;3;1;1;1;1;1;1;1;1;1;1;1;1;1;0;2;1;1;1;1;1;1;1;1;2;1;1;1;1','1;4;3;1;1;1;2;1;1;1;1;6;2;1;1;1;1;1;1;1;1;1;1;1;1;0;2;1;1;1;1;1;3;1;2;1;2;1;1;1'),(26,'MATHERICKS','9KC71J',278,10,1459374898,1459374885,10,'1;1;1;0;1;1;1;1;1;1;0;2;1;1;1;1;1;2;1;1;0;0;1;1;0;0;0;1;1;1;1;1;0;1;1;0;1;1;1;1','2;2;2;0;1;1;1;1;1;2;0;2;2;1;1;1;1;1;1;1;0;0;1;1;0;0;0;1;1;1;2;1;0;1;1;0;1;1;1;1'),(27,'27','52SM6D',322,9,1459374873,1459374873,3,'1;1;1;1;1;1;0;1;1;1;1;2;1;1;1;1;1;1;1;1;1;1;1;1;1;0;1;2;1;1;1;1;1;1;1;2;0;1;1;1','2;2;1;1;1;1;0;1;1;2;1;2;1;1;1;1;1;2;1;1;2;1;1;1;1;0;2;1;1;1;1;2;1;2;1;1;0;1;2;1'),(28,'Twenty-Eight ','CG1SZR',310,6,1459374889,1459374889,5,'1;1;1;1;1;1;0;0;1;1;1;1;0;1;1;1;1;1;1;1;1;1;1;1;0;0;1;1;1;1;1;1;1;1;1;1;1;1;1;0','1;3;3;1;2;1;0;0;1;1;1;2;0;1;1;1;1;1;1;1;1;1;2;1;0;0;3;2;1;1;1;1;1;2;1;4;2;1;1;0'),(29,'Egg Salad','SG23HL',288,37,1459374901,1459374901,9,'1;2;1;1;0;1;0;1;0;0;1;0;1;1;1;1;1;1;1;1;1;1;0;1;1;0;1;1;1;1;2;1;2;1;1;1;1;1;1;1','2;2;1;1;0;2;0;1;0;0;1;0;2;1;1;1;1;1;2;2;1;1;0;1;1;0;1;2;1;1;1;1;1;1;1;1;1;1;1;1'),(30,'The Deckerites','7W3KRN',246,7,1459374884,1459374884,16,'1;1;0;1;1;1;1;0;1;0;0;1;1;1;0;1;1;1;3;0;1;1;1;1;1;0;1;1;2;1;0;1;1;1;3;1;0;1;1;1','1;2;0;5;1;1;2;0;1;0;0;3;1;1;0;4;1;1;6;0;2;1;1;1;2;0;2;2;1;2;0;1;1;2;6;1;0;1;1;1'),(31,'Flying Rainbow Penguins','ERXHNN',268,19,1459374903,1459374871,11,'1;1;1;1;0;1;1;1;1;1;1;1;1;1;1;0;1;1;1;1;0;0;2;1;0;2;1;1;1;1;2;1;0;0;1;1;1;0;1;0','2;2;1;1;0;1;1;1;1;1;1;2;1;1;2;0;1;1;1;1;0;0;1;1;0;2;2;2;1;1;3;1;0;0;1;1;1;0;1;0'),(32,'Answer Sheet','SJF9WB',308,5,1459374900,1459374900,6,'1;1;2;1;1;1;1;1;1;1;1;0;1;1;2;1;1;1;1;1;0;1;0;1;1;0;1;1;1;1;2;1;1;1;1;0;1;1;1;1','2;3;1;1;1;1;1;1;1;1;1;0;1;1;2;1;1;1;1;1;0;1;0;1;1;0;2;3;1;1;2;1;1;1;1;0;1;1;1;1'),(33,'Denominators','DYH4F7',300,1,1459374894,1459374894,8,'1;1;1;1;0;1;1;1;1;1;1;2;1;1;0;1;1;1;1;1;0;0;1;1;1;0;2;1;1;1;1;2;1;1;1;0;1;1;1;1','2;2;1;1;0;1;1;2;1;1;1;2;1;2;0;1;1;1;1;1;0;0;1;1;1;0;1;1;1;1;1;1;2;1;1;0;1;1;1;1'),(34,'Live Free or Pi Hard','KXECRM',344,2,1459374904,1459374884,1,'1;1;1;1;2;1;1;1;1;1;1;1;1;1;1;1;1;1;1;1;1;1;1;1;1;0;1;1;1;1;1;1;1;1;1;1;1;1;1;1','2;2;1;1;3;1;1;1;1;2;1;5;2;1;1;1;1;2;1;3;3;1;3;1;1;0;2;3;1;1;1;1;1;1;1;1;1;1;1;1'),(35,'','NN9GYQ',228,22,1459374890,1459374890,19,'1;1;1;1;0;1;1;1;1;2;1;2;2;0;2;1;1;1;0;1;0;0;0;0;0;0;2;1;1;1;1;0;1;1;1;1;1;1;1;0','2;3;1;2;0;1;1;1;1;1;1;1;1;0;1;1;1;1;0;1;0;0;0;0;0;0;2;2;1;1;1;0;1;1;1;2;1;1;1;0'),(36,'Team Extra Credit ','U36GAK',220,21,1459374869,1459374821,21,'1;2;1;2;0;0;1;1;0;1;1;1;0;1;1;0;1;1;1;1;1;1;0;1;0;0;2;0;1;1;1;1;1;0;1;0;0;2;0;1','1;2;2;1;0;0;2;1;0;1;1;3;0;1;1;0;1;1;1;1;1;1;0;1;0;0;1;0;1;1;2;1;1;0;1;0;0;1;0;1'),(37,'Gogo','UTT1TE',190,33,1459374905,1459374905,28,'1;1;0;1;0;1;1;1;0;1;0;0;1;1;0;1;0;0;1;1;1;0;0;0;1;0;0;0;1;1;0;2;0;1;1;1;3;0;1;0','1;2;0;1;0;1;1;3;0;1;0;0;2;1;0;1;0;0;1;1;1;0;0;0;1;0;0;0;1;1;0;1;0;1;1;1;6;0;2;0'),(38,'team extra credit','2W4AQ9',302,13,1459374903,1459374837,7,'1;1;1;1;1;1;1;1;1;1;0;1;0;1;3;1;1;1;2;1;0;1;1;1;1;1;0;2;1;0;1;1;1;1;1;1;1;1;1;1','1;3;1;1;1;1;3;2;1;1;0;1;0;1;6;1;1;2;4;1;0;1;1;1;1;1;0;1;1;0;2;1;1;1;2;1;1;1;2;1'),(39,'Team 39','8ZXC3D',178,28,1459374891,1459374891,31,'1;1;1;0;0;0;1;1;0;0;1;0;1;1;0;0;1;0;0;0;0;1;0;1;0;0;0;1;1;0;1;1;0;1;1;1;1;0;0;1','2;2;2;0;0;0;1;1;0;0;1;0;2;3;0;0;1;0;0;0;0;1;0;1;0;0;0;2;1;0;1;1;0;1;3;3;1;0;0;1'),(40,'Answer Sheet','QFSPMF',188,17,1459374906,1459374782,29,'1;1;1;1;0;1;1;1;1;0;1;2;2;1;0;0;1;1;0;1;0;0;0;0;0;1;0;0;1;1;1;1;0;1;0;0;1;2;0;0','2;2;1;1;0;1;1;1;1;0;1;3;1;1;0;0;1;1;0;3;0;0;0;0;0;2;0;0;1;1;2;1;0;1;0;0;1;1;0;0'),(41,'Team 41','5682D9',246,14,1459374835,1459374835,15,'1;1;1;1;0;1;1;1;1;2;1;2;1;1;1;1;1;0;1;0;0;1;1;1;0;0;0;1;1;1;0;0;1;1;1;0;0;0;1;0','1;1;2;1;0;1;1;1;1;1;1;1;2;1;1;1;1;0;1;0;0;1;1;1;0;0;0;1;1;1;0;0;1;1;1;0;0;0;1;0'),(42,'Answer Sheet','BXTVNB',174,38,1459374881,1459374862,33,'1;1;0;1;0;1;0;1;0;1;1;2;1;1;0;1;1;1;0;1;0;0;0;1;0;0;0;1;1;0;1;0;0;1;0;0;0;0;0;0','1;1;0;1;0;1;0;1;0;1;1;1;2;1;0;2;1;1;0;1;0;0;0;1;0;0;0;2;1;0;1;0;0;1;0;0;0;0;0;0'),(43,'','1FXUFC',0,43,0,0,43,'0;0;0;0;0;0;0;0;0;0;0;0;0;0;0;0;0;0;0;0;0;0;0;0;0;0;0;0;0;0;0;0;0;0;0;0;0;0;0;0','0;0;0;0;0;0;0;0;0;0;0;0;0;0;0;0;0;0;0;0;0;0;0;0;0;0;0;0;0;0;0;0;0;0;0;0;0;0;0;0'),(44,'','TD3GGV',0,44,0,0,44,'0;0;0;0;0;0;0;0;0;0;0;0;0;0;0;0;0;0;0;0;0;0;0;0;0;0;0;0;0;0;0;0;0;0;0;0;0;0;0;0','0;0;0;0;0;0;0;0;0;0;0;0;0;0;0;0;0;0;0;0;0;0;0;0;0;0;0;0;0;0;0;0;0;0;0;0;0;0;0;0'),(45,'','KX23BD',0,45,0,0,45,'0;0;0;0;0;0;0;0;0;0;0;0;0;0;0;0;0;0;0;0;0;0;0;0;0;0;0;0;0;0;0;0;0;0;0;0;0;0;0;0','0;0;0;0;0;0;0;0;0;0;0;0;0;0;0;0;0;0;0;0;0;0;0;0;0;0;0;0;0;0;0;0;0;0;0;0;0;0;0;0'),(46,'','87A7YD',0,46,0,0,46,'0;0;0;0;0;0;0;0;0;0;0;0;0;0;0;0;0;0;0;0;0;0;0;0;0;0;0;0;0;0;0;0;0;0;0;0;0;0;0;0','0;0;0;0;0;0;0;0;0;0;0;0;0;0;0;0;0;0;0;0;0;0;0;0;0;0;0;0;0;0;0;0;0;0;0;0;0;0;0;0'),(47,'','712QLF',0,47,0,0,47,'0;0;0;0;0;0;0;0;0;0;0;0;0;0;0;0;0;0;0;0;0;0;0;0;0;0;0;0;0;0;0;0;0;0;0;0;0;0;0;0','0;0;0;0;0;0;0;0;0;0;0;0;0;0;0;0;0;0;0;0;0;0;0;0;0;0;0;0;0;0;0;0;0;0;0;0;0;0;0;0'),(48,'','SBLEVS',0,48,0,0,48,'0;0;0;0;0;0;0;0;0;0;0;0;0;0;0;0;0;0;0;0;0;0;0;0;0;0;0;0;0;0;0;0;0;0;0;0;0;0;0;0','0;0;0;0;0;0;0;0;0;0;0;0;0;0;0;0;0;0;0;0;0;0;0;0;0;0;0;0;0;0;0;0;0;0;0;0;0;0;0;0'),(49,'','HEWBM4',0,49,0,0,49,'0;0;0;0;0;0;0;0;0;0;0;0;0;0;0;0;0;0;0;0;0;0;0;0;0;0;0;0;0;0;0;0;0;0;0;0;0;0;0;0','0;0;0;0;0;0;0;0;0;0;0;0;0;0;0;0;0;0;0;0;0;0;0;0;0;0;0;0;0;0;0;0;0;0;0;0;0;0;0;0'),(50,'','XXRPQS',0,50,0,0,50,'0;0;0;0;0;0;0;0;0;0;0;0;0;0;0;0;0;0;0;0;0;0;0;0;0;0;0;0;0;0;0;0;0;0;0;0;0;0;0;0','0;0;0;0;0;0;0;0;0;0;0;0;0;0;0;0;0;0;0;0;0;0;0;0;0;0;0;0;0;0;0;0;0;0;0;0;0;0;0;0');
/*!40000 ALTER TABLE `team_data` ENABLE KEYS */;
UNLOCK TABLES;
/*!40103 SET TIME_ZONE=@OLD_TIME_ZONE */;

/*!40101 SET SQL_MODE=@OLD_SQL_MODE */;
/*!40014 SET FOREIGN_KEY_CHECKS=@OLD_FOREIGN_KEY_CHECKS */;
/*!40014 SET UNIQUE_CHECKS=@OLD_UNIQUE_CHECKS */;
/*!40101 SET CHARACTER_SET_CLIENT=@OLD_CHARACTER_SET_CLIENT */;
/*!40101 SET CHARACTER_SET_RESULTS=@OLD_CHARACTER_SET_RESULTS */;
/*!40101 SET COLLATION_CONNECTION=@OLD_COLLATION_CONNECTION */;
/*!40111 SET SQL_NOTES=@OLD_SQL_NOTES */;

-- Dump completed on 2016-03-31 19:32:44
