-- phpMyAdmin SQL Dump
-- version 4.1.14
-- http://www.phpmyadmin.net
--
-- Host: 127.0.0.1
-- Generation Time: Mar 04, 2016 at 11:34 PM
-- Server version: 5.6.17
-- PHP Version: 5.5.12

SET SQL_MODE = "NO_AUTO_VALUE_ON_ZERO";
SET time_zone = "+00:00";


/*!40101 SET @OLD_CHARACTER_SET_CLIENT=@@CHARACTER_SET_CLIENT */;
/*!40101 SET @OLD_CHARACTER_SET_RESULTS=@@CHARACTER_SET_RESULTS */;
/*!40101 SET @OLD_COLLATION_CONNECTION=@@COLLATION_CONNECTION */;
/*!40101 SET NAMES utf8 */;

--
-- Database: `mathrelay3`
--

-- --------------------------------------------------------

--
-- Table structure for table `admin_log`
--

CREATE TABLE IF NOT EXISTS `admin_log` (
  `team_id` int(8) NOT NULL,
  `timestamp` varchar(35) NOT NULL,
  `question_number` int(8) NOT NULL,
  `award` int(8) NOT NULL,
  `total` int(8) NOT NULL
) ENGINE=InnoDB DEFAULT CHARSET=latin1;

--
-- Dumping data for table `admin_log`
--

INSERT INTO `admin_log` (`team_id`, `timestamp`, `question_number`, `award`, `total`) VALUES
(50, '1457119275', 1, 10, 10),
(50, '1457119278', 2, 10, 20),
(50, '1457119283', 3, 10, 30),
(50, '1457119296', 5, 10, 40),
(50, '1457119300', 4, 8, 48),
(50, '1457119315', 6, 6, 54),
(50, '1457119326', 30, 10, 64),
(50, '1457119348', 10, 4, 68),
(50, '1457119379', 27, 6, 74),
(50, '1457119693', 7, 10, 84),
(50, '1457119703', 8, 10, 94),
(50, '1457119712', 9, 10, 104),
(50, '1457119725', 11, 10, 114),
(50, '1457119732', 12, 10, 124),
(50, '1457119740', 13, 10, 134),
(50, '1457119750', 14, 8, 142),
(50, '1457119758', 15, 6, 148),
(50, '1457119771', 16, 10, 158),
(50, '1457119779', 17, 10, 168),
(50, '1457119789', 18, 10, 178),
(50, '1457119799', 20, 10, 188),
(50, '1457119807', 21, 10, 198),
(50, '1457119815', 22, 10, 208),
(50, '1457119826', 23, 10, 218),
(50, '1457119836', 24, 10, 228),
(50, '1457119846', 25, 10, 238),
(50, '1457119856', 26, 10, 248),
(50, '1457119871', 28, 10, 258),
(50, '1457119881', 29, 10, 268),
(50, '1457119892', 31, 10, 278),
(50, '1457119903', 32, 10, 288),
(50, '1457119914', 33, 10, 298),
(50, '1457119924', 34, 10, 308),
(50, '1457119934', 35, 10, 318),
(50, '1457119949', 36, 10, 328),
(50, '1457119956', 37, 10, 338),
(50, '1457119967', 38, 10, 348),
(50, '1457119977', 39, 10, 358),
(50, '1457119989', 40, 10, 368),
(1, '1457121701', 3, 10, 10),
(1, '1457121716', 4, 10, 20),
(1, '1457121732', 5, 8, 28);

-- --------------------------------------------------------

--
-- Table structure for table `answer_key`
--

CREATE TABLE IF NOT EXISTS `answer_key` (
  `series_number` int(8) NOT NULL,
  `level_number` int(8) NOT NULL,
  `correct_index` int(8) NOT NULL,
  `choice_2` varchar(32) NOT NULL,
  `choice_1` varchar(32) NOT NULL,
  `choice_3` varchar(32) NOT NULL,
  `choice_4` varchar(32) NOT NULL,
  `choice_5` varchar(32) NOT NULL,
  `choice_6` varchar(32) NOT NULL
) ENGINE=InnoDB DEFAULT CHARSET=latin1;

--
-- Dumping data for table `answer_key`
--

INSERT INTO `answer_key` (`series_number`, `level_number`, `correct_index`, `choice_2`, `choice_1`, `choice_3`, `choice_4`, `choice_5`, `choice_6`) VALUES
(1, 1, 1, '26', '-6', '45', '71', '78', '104'),
(1, 2, 5, '-192', '-288', '-96', '48', '96', '192'),
(1, 3, 2, 'Quadratic', 'Horizontal', 'Positive', 'Negative', 'Linear', 'Vertical'),
(2, 1, 2, '12', '-12', '√(194)', '144', '164', '194'),
(2, 2, 4, '2', '1', '11', '12', '15', 'A'),
(2, 3, 6, '(-∞,∞)', '[-∞,-12]∪[-12,∞]', '(-∞,12)∪(12,∞)', '[-∞,∞]', '(-∞-12]∪[-12,∞)', '(-∞,-12)∪(-12,∞)'),
(3, 1, 3, '3.5', '8', '4', '5.75', '6.5', '15.5'),
(3, 2, 2, '0', '-64', '5', '24', '48', '180'),
(3, 3, 3, '100', '-11232', '210', '480', '960', '3600'),
(4, 1, 5, '-6', '-8', '-3', '3', '6', '13'),
(4, 2, 2, '0', '-24', '24', '48', '96', '120'),
(4, 3, 4, '1/6', '0', '.33334', '1/3', '2/3', '3'),
(5, 1, 4, '-7', '-9.5', '-3', '2', '5.5', '13'),
(5, 2, 5, '-8', '-12', '8/3', '17/6', '8', '12'),
(5, 3, 1, '-80', '80', '80/3', '85/3', '-120', '120'),
(6, 1, 5, '3/25', '1/25', '4/25', '1/6', '1/5', '1/4'),
(6, 2, 5, '-1', '-3', '-1/3', '2/3', '1', '3/2'),
(6, 3, 2, '10', '-30', '-10/3', '20/3', '-10', '15'),
(7, 1, 3, '.13', '.013', '13', '41.87', '52', '1300'),
(7, 2, 1, '58', '46', '104', '4600', '5800', '10400'),
(7, 3, 3, '65 + 4√(61)', '111 + 4√(107)', '81', '4607 + 4√(4603)', '5807 + 4√(5803)', '10407 + 4√(10403)'),
(8, 1, 4, '3/2', '1/5', '7/2', '5', '6', '7'),
(8, 2, 5, 'i^3', '-1', 'i^4', '(i^2)^2', '1', '√(-1)'),
(8, 3, 2, '8/15', '8/17', '15/17', '17/15', '15/8', '28°'),
(9, 1, 2, '3', '13/5', '4', '21/5', '5', '75'),
(9, 2, 5, '0', '-6', '4', '5', '10', '12'),
(9, 3, 3, '(-5, 5√6)', '(-5, -5√3)', '(-5, 5√3)', '(-3, 3√3)', '(-2, 2√3)', '(3, -3√3)'),
(10, 1, 6, '-10', '-11', '1', '2', '10', '11'),
(10, 2, 6, '1/16', '1/32', '1/4', '33/28', '16', '32'),
(10, 3, 4, '4.171', '2.757', '4.476', '8.952', '17.905', '28.125'),
(11, 1, 3, '9', '3', '15', '20', '45/2', '135'),
(11, 2, 4, '-9/2', '-27', '-4', '-3', '-9/5', '3/5'),
(11, 3, 1, '-2', '0', '2', '-1', '1', '-3'),
(12, 1, 4, '2', '.5', '45', '50', '90', '100'),
(12, 2, 4, '.2', '.05', '4.5', '5', '9', '10'),
(12, 3, 4, '.284', '.258', '.471', '.510', '.800', '1.000'),
(13, 1, 2, '6', '1/6', '36', '180', '215', '1296'),
(13, 2, 1, '26.972', '9', '1209', '32373', '46198', '1679589'),
(13, 3, 3, '0', '-3', '3', '34.771', '179.925', '214.937'),
(14, 1, 5, '-4', '-6', '-4/5', '4/5', '4', '6'),
(14, 2, 1, '1', '-5', '-52/25', '10', '11', '15'),
(14, 3, 4, '11', '0', '16', '19', '21', '29'),
(15, 1, 1, '2', '1', '3', '4', '5', '6'),
(15, 2, 1, '75π', '80π', '40π', '90π', '100π', '125π'),
(15, 3, 1, '2/25', '1/10', '8/75', '75/8', '10', '25/2'),
(16, 1, 5, '6', '1', '7', '9', '12', '81'),
(16, 2, 2, '-2', '-81', '3/2', '7/2', '6', '38/3'),
(16, 3, 5, '-π/4', '-3', '0', '3π/4', '3', '6'),
(17, 1, 4, '2', '0', '13/2', '7', '21/2', '14'),
(17, 2, 2, '15', '5', '25', '30', '75', '105'),
(17, 3, 4, 'π/36', 'π/90', 'π/18', 'π/12', 'π/6', 'π/3'),
(18, 1, 2, '4', '7/3', '5', '6', '10', '21'),
(18, 2, 5, '8', '91/30', '12', '17', '22', '63'),
(18, 3, 5, '21.980', '8.334', '32.970', '46.707', '60.445', '173.091'),
(19, 1, 3, '130', '40', '140', '150', '160', '184'),
(19, 2, 3, '12.771', '7.5985', '13.199', '13.610', '14.007', '14.908'),
(19, 3, 6, '21.662', '20.450', '25.183', '22.659', '16.906', '15.089'),
(20, 1, 6, '13', '9', '36', '38', '44', '48'),
(20, 2, 1, '9√(2)', '15', '9', '18', '2√(101)', '81'),
(20, 3, 3, '9√(2)', '9', '15', '18', '2√(101)', '81'),
(21, 1, 3, '7', '6', '8', '9', '10', '11'),
(21, 2, 4, '70', '60', '50', '80', '40', '30'),
(21, 3, 6, '54.636', '44.346', '35.626', '20.456', '27.774', '68.747'),
(22, 1, 2, '40', '12', '24', '56', '72', '96'),
(22, 2, 4, '68', '44', '84', '100', '116', '128'),
(22, 3, 4, '204', '132', '252', '300', '348', '384'),
(23, 1, 2, '3', '1', '6', '9', '12', '18'),
(23, 2, 6, '55', '35', '115', '90', '110', '65'),
(23, 3, 4, '17/801', '17/810', '34/845', '17/416', '34/605', '17/297'),
(24, 1, 6, '1/2', '0', '2', '23/4', '88', '8'),
(24, 2, 2, '13', '12', '14', '21.5', '26', '28'),
(24, 3, 6, '1/25', '1/26', '1/13', '13', '25', '26'),
(25, 1, 2, '26', '19', '45', '71', '78', '104'),
(25, 2, 5, '11', '8', '12', '18', '30', '38'),
(25, 3, 5, '22', '16', '24', '36', '60', '76'),
(26, 1, 2, '80', '40', '77.460', '116.619', '130', '160'),
(26, 2, 3, '12', '9', '13', '15', '16', '18'),
(26, 3, 3, '297', '290', '300', '305', '308', '314'),
(27, 1, 3, '4.167', '4', '5', '5.25', '5.4', '6.25'),
(27, 2, 1, '66.672', '80', '64', '84', '86.4', '100'),
(27, 3, 3, '540.951', '338.095', '644.512', '661.417', '671.560', '729.036'),
(28, 1, 5, '0.244', '0.0024', '2.44', '24.4', '244', '2440'),
(28, 2, 3, '.331', '.033', '4', '33.197', '331.967', '3319.672'),
(28, 3, 6, '-56.917', '-56.992', '-56.17', '-56', '25.992', '20.25'),
(29, 1, 2, '30', '15', '45', '60', '90', '150'),
(29, 2, 2, '8', '4', '12', '16', '24', '40'),
(29, 3, 2, '-0.609', '-44.609', '43.391', '87.391', '175.391', '351.391'),
(30, 1, 3, '1440', '168', '10080', '14400', '43200', '604800'),
(30, 2, 3, '24.286', '15.2', '86', '116.857', '322.571', '4334'),
(30, 3, 4, '-164.453 + 164.453i', '-3000.961 + 3000.961i', '-18.991 + 18.991i', '2.828 - 2.828i', '46.467 - 46.467i', '52.892-52.892i'),
(31, 1, 6, '4', '2', '5.714', '8', '14', '20'),
(31, 2, 6, '4/3', '-2', '4.19', '8', '18', '34'),
(31, 3, 6, '1.718e11', '2.749e12', '2.147e10', '2684354555', '2621435', '35'),
(32, 1, 6, '4', '3', '9', '10', '12', '36'),
(32, 2, 6, '0.775', '0.613', '1.226', '1.285', '1.387', '2'),
(32, 3, 1, '1.513', '0.726', '1.625', '1.687', '2.078', '2.1778'),
(33, 1, 3, '2', '-2', '4', '6', '8', '10'),
(33, 2, 4, '4', '5/4', '√(10)', '5', '8', '10'),
(33, 3, 1, 'π/6 and 11π/6', 'π/6 and 5π/6', '5π/6 and 11π/6', '5π/6 and -π/6', 'π/6 and -5π/6', '5π/6 and 11π/6'),
(34, 1, 1, 'y = -0.25x+3 , 3', 'y = -4x-3 ,     6', 'y = 0.25x - 3 , 7', 'y = 4x+3,      2', 'y = -0.25x-3, 14', 'y = -0.25x'),
(34, 2, 3, '14', '7', '21', '27', '42', '49'),
(34, 3, 3, '1', '-13', '8', '14', '21', '27'),
(35, 1, 5, '-7', '-8', '-6', '0', '1', '7'),
(35, 2, 5, '-14', '-17', '1', '4', '7', '12'),
(35, 3, 4, '49', '34', '181', '192', '231', '284'),
(36, 1, 4, '2/7', '1/7', '5/21', '1/3', '3/7', '2/3'),
(36, 2, 2, '-5', '-6', '-3', '-2', '5', '6'),
(36, 3, 2, '-4i√(2)', '-192i', '-i√(2)', 'i√(2)', '4i√(2)', '292i'),
(37, 1, 5, '35', '17.5', '70', '105', '140', '210'),
(37, 2, 5, '87.5', '43.75', '175', '262.5', '350', '525'),
(37, 3, 4, '166', '150', '175', '184', '316', '500'),
(38, 1, 5, '', '', '', '', '', ''),
(38, 2, 3, '-3/2', '-3', '28', '82', '92', '100'),
(38, 3, 5, '-9π/2', '-13π/2', '-5π/2', '5π/2', '9π/2', '13π/2'),
(39, 1, 4, '2√(6)', '2√(3)', '4√(3)', '4√(6)', '32√(3)', '32√(3)'),
(39, 2, 4, '.75', '.375', '1.5', '3', '96', '192'),
(39, 3, 4, '68.203', '62.994', '94.125', '270', '6193884', '49546620'),
(40, 1, 1, '14√(2)', '11√(2)', '16√(3)', '22', '24√(2)', '32√(3)'),
(40, 2, 4, '.776', '-.883', '-.174', '0', '.242', '.5'),
(40, 3, 4, '16', '8', '32', '64', '128', 'Indeterminable');

-- --------------------------------------------------------

--
-- Table structure for table `relay_options`
--

CREATE TABLE IF NOT EXISTS `relay_options` (
  `class` varchar(12) NOT NULL,
  `name` varchar(24) NOT NULL,
  `value` varchar(20) NOT NULL
) ENGINE=InnoDB DEFAULT CHARSET=latin1;

--
-- Dumping data for table `relay_options`
--

INSERT INTO `relay_options` (`class`, `name`, `value`) VALUES
('event', 'currentEvent', 'start'),
('event', 'startTime', '1457119271'),
('event', 'stopTime', '1442'),
('admin', 'adminPassword', 'admin'),
('admin', 'adminLastAction', '0'),
('display', 'idColumn', 'false'),
('display', 'nicknameColumn', 'true'),
('display', 'totalPoints', 'false'),
('display', 'level3PointsColumn', 'true'),
('display', 'level2PointsColumn', 'true'),
('display', 'level1PointsColumn', 'true'),
('display', 'numTeams', '7'),
('reset', 'numTeams', '50'),
('reset', 'passwordLength', '6'),
('answerkey', 'numQuestion', '40');

-- --------------------------------------------------------

--
-- Table structure for table `stat_log`
--

CREATE TABLE IF NOT EXISTS `stat_log` (
  `team_id` int(8) NOT NULL,
  `series_number` int(8) NOT NULL,
  `level_3_result` int(8) NOT NULL,
  `level_2_result` int(8) NOT NULL,
  `level_1_result` int(8) NOT NULL,
  `attempt` int(8) NOT NULL,
  `timesptamp` int(30) NOT NULL
) ENGINE=InnoDB DEFAULT CHARSET=latin1;

--
-- Dumping data for table `stat_log`
--

INSERT INTO `stat_log` (`team_id`, `series_number`, `level_3_result`, `level_2_result`, `level_1_result`, `attempt`, `timesptamp`) VALUES
(1, 1, 1, 1, 1, 1, 1455921284),
(1, 3, 1, 1, 1, 1, 1455921289),
(1, 2, 1, 1, 1, 1, 1455921752),
(1, 1, 1, 1, 1, 1, 1455922028),
(1, 1, 1, 1, 1, 1, 1455923138),
(1, 1, 1, 1, 1, 1, 1455925052),
(1, 3, 1, 1, 1, 1, 1455925072),
(2, 1, 0, 1, 1, 1, 1455925114),
(2, 1, 1, 1, 1, 2, 1455925117),
(2, 2, 1, 1, 1, 1, 1455925123),
(2, 3, 1, 1, 1, 1, 1455925156),
(1, 1, 1, 1, 1, 1, 1455926999),
(1, 3, 1, 1, 1, 1, 1455927668),
(1, 9, 0, 0, 1, 1, 1455927677),
(1, 8, 0, 0, 0, 1, 1455927682),
(1, 2, 1, 1, 1, 1, 1455929187),
(1, 4, 0, 0, 0, 1, 1455929200),
(1, 4, 1, 1, 1, 2, 1455929205),
(3, 1, 0, 1, 1, 1, 1455929447),
(3, 1, 1, 1, 1, 2, 1455929454),
(3, 2, 1, 0, 1, 1, 1455929478),
(3, 2, 1, 0, 1, 2, 1455929505),
(3, 3, 1, 0, 1, 1, 1455929585),
(3, 3, 1, 0, 1, 2, 1455929618),
(3, 3, 1, 1, 1, 3, 1455929655),
(3, 4, 0, 0, 0, 1, 1455929690),
(5, 1, 1, 0, 1, 1, 1455929708),
(5, 1, 1, 1, 1, 2, 1455929741),
(5, 2, 0, 0, 1, 1, 1455929777),
(5, 3, 1, 0, 1, 1, 1455929911),
(5, 2, 0, 0, 1, 2, 1455929927),
(5, 2, 1, 1, 0, 3, 1455929931),
(5, 4, 0, 0, 1, 1, 1455929951),
(5, 2, 0, 0, 1, 4, 1455929995),
(1, 1, 1, 1, 1, 1, 1456433877),
(1, 2, 0, 1, 1, 1, 1456433886),
(1, 2, 1, 0, 0, 2, 1456433890),
(1, 2, 1, 1, 1, 3, 1456433895),
(1, 3, 1, 0, 1, 1, 1456433907),
(1, 3, 1, 1, 1, 2, 1456433912),
(1, 1, 1, 1, 1, 1, 1456523706),
(1, 2, 0, 1, 1, 1, 1456523726),
(1, 2, 1, 1, 1, 2, 1456523739),
(1, 1, 1, 1, 1, 1, 1456554122),
(1, 2, 0, 0, 1, 1, 1456554128),
(1, 2, 1, 0, 0, 2, 1456554152),
(1, 2, 1, 0, 0, 3, 1456554155),
(1, 2, 1, 1, 1, 4, 1456554159),
(1, 3, 1, 0, 0, 1, 1456554168),
(1, 3, 1, 1, 0, 2, 1456554174),
(1, 3, 1, 1, 1, 3, 1456554178),
(1, 4, 0, 0, 0, 1, 1456554184),
(1, 4, 1, 0, 0, 2, 1456554193),
(1, 4, 1, 1, 0, 3, 1456554196),
(1, 4, 1, 1, 1, 4, 1456554201),
(1, 1, 1, 1, 1, 1, 1456618313),
(1, 4, 0, 1, 1, 1, 1456618326),
(1, 4, 1, 1, 1, 2, 1456618328),
(1, 3, 1, 1, 1, 1, 1456618338),
(1, 2, 1, 1, 0, 1, 1456618342),
(1, 2, 1, 0, 0, 2, 1456618347),
(1, 2, 1, 1, 1, 3, 1456618350),
(2, 1, 1, 1, 1, 1, 1456618378),
(2, 2, 1, 1, 1, 1, 1456618382),
(2, 3, 1, 1, 1, 1, 1456618387),
(2, 4, 1, 1, 1, 1, 1456618392),
(1, 1, 1, 1, 1, 1, 1456618430),
(1, 2, 1, 1, 1, 1, 1456618434),
(1, 3, 1, 1, 1, 1, 1456618437),
(1, 4, 0, 0, 0, 1, 1456618442),
(1, 4, 1, 0, 0, 2, 1456618446),
(1, 4, 1, 1, 0, 3, 1456618448),
(1, 4, 1, 1, 0, 4, 1456618448),
(1, 4, 1, 1, 0, 5, 1456618448),
(1, 4, 3, 3, 3, 6, 1456618449),
(1, 4, 3, 3, 3, 7, 1456618449),
(2, 1, 1, 1, 1, 1, 1456618489),
(2, 2, 0, 1, 1, 1, 1456618494),
(2, 2, 1, 1, 1, 2, 1456618496),
(2, 3, 0, 1, 0, 1, 1456618502),
(2, 3, 0, 1, 1, 2, 1456618504),
(2, 3, 0, 1, 1, 3, 1456618506),
(2, 3, 1, 1, 1, 4, 1456618508),
(2, 4, 1, 1, 0, 1, 1456618514),
(2, 4, 1, 1, 0, 2, 1456618515),
(2, 4, 1, 1, 0, 3, 1456618517),
(2, 4, 1, 1, 0, 4, 1456618519),
(2, 4, 1, 1, 1, 5, 1456618521),
(3, 1, 1, 1, 1, 1, 1456618541),
(3, 2, 1, 1, 1, 1, 1456618545),
(3, 3, 1, 1, 1, 1, 1456618549),
(3, 4, 0, 1, 1, 1, 1456618554),
(3, 4, 1, 1, 1, 2, 1456618556),
(4, 1, 1, 1, 1, 1, 1456618583),
(4, 2, 1, 1, 1, 1, 1456618587),
(4, 3, 1, 1, 0, 1, 1456618591),
(4, 3, 1, 1, 1, 2, 1456618593),
(4, 4, 1, 1, 1, 1, 1456618598),
(5, 1, 1, 1, 1, 1, 1456618628),
(5, 2, 1, 1, 1, 1, 1456618632),
(5, 3, 1, 1, 1, 1, 1456618636),
(5, 4, 0, 0, 0, 1, 1456618641),
(5, 4, 1, 1, 1, 2, 1456618648),
(6, 1, 1, 1, 1, 1, 1456618665),
(6, 2, 1, 1, 1, 1, 1456618671),
(6, 3, 1, 1, 1, 1, 1456618675),
(6, 4, 1, 1, 1, 1, 1456618680),
(7, 1, 1, 1, 1, 1, 1456618694),
(7, 2, 1, 1, 0, 1, 1456618699),
(7, 2, 1, 1, 0, 2, 1456618703),
(7, 2, 1, 1, 0, 3, 1456618704),
(7, 2, 1, 1, 1, 4, 1456618705),
(7, 3, 1, 1, 1, 1, 1456618710),
(7, 4, 0, 0, 1, 1, 1456618717),
(7, 4, 1, 1, 1, 2, 1456618720),
(8, 1, 1, 1, 1, 1, 1456618748),
(8, 2, 1, 1, 1, 1, 1456618753),
(8, 3, 1, 1, 1, 1, 1456618757),
(8, 4, 1, 1, 1, 1, 1456618761),
(9, 2, 1, 1, 0, 1, 1456618778),
(9, 2, 1, 1, 1, 2, 1456618780),
(9, 3, 0, 1, 1, 1, 1456618785),
(9, 3, 1, 1, 1, 2, 1456618787),
(9, 1, 1, 1, 0, 1, 1456618791),
(9, 1, 1, 1, 1, 2, 1456618792),
(9, 4, 0, 0, 0, 1, 1456618797),
(9, 4, 1, 1, 1, 2, 1456618800),
(10, 1, 1, 1, 1, 1, 1456618844),
(10, 2, 1, 1, 1, 1, 1456618848),
(10, 4, 1, 1, 1, 1, 1456618852),
(10, 3, 1, 1, 1, 1, 1456618856),
(3, 5, 1, 1, 1, 1, 1456619556),
(3, 24, 1, 1, 1, 1, 1456619572),
(3, 6, 1, 1, 1, 1, 1456619586),
(3, 7, 1, 1, 1, 1, 1456619598),
(3, 8, 1, 0, 1, 1, 1456619612),
(3, 8, 1, 1, 1, 2, 1456619614),
(3, 9, 1, 1, 1, 1, 1456701831),
(3, 10, 1, 1, 1, 1, 1456701845),
(1, 5, 0, 0, 1, 1, 1456807733),
(1, 6, 1, 0, 0, 1, 1456808578),
(1, 6, 1, 1, 1, 2, 1456808612),
(4, 5, 1, 1, 1, 1, 1456811262),
(4, 6, 1, 1, 1, 1, 1456811282),
(9, 5, 1, 1, 1, 1, 1456856468),
(9, 6, 1, 1, 1, 1, 1456856489),
(6, 5, 1, 1, 1, 1, 1456872303),
(6, 6, 1, 1, 1, 1, 1456885079),
(9, 7, 1, 1, 1, 1, 1456885971),
(10, 5, 1, 1, 1, 1, 1456886115),
(1, 7, 0, 0, 0, 1, 1457060922),
(1, 10, 1, 0, 1, 1, 1457072734),
(1, 10, 1, 1, 1, 2, 1457072745),
(1, 9, 1, 1, 1, 1, 1457072834),
(1, 8, 0, 1, 1, 1, 1457072856),
(1, 8, 1, 1, 1, 2, 1457072858),
(1, 11, 1, 1, 1, 1, 1457073070),
(1, 12, 1, 1, 1, 1, 1457073108),
(50, 1, 1, 1, 1, 1, 1457119275),
(50, 2, 1, 1, 1, 1, 1457119278),
(50, 3, 1, 1, 1, 1, 1457119283),
(50, 4, 1, 1, 0, 1, 1457119288),
(50, 5, 1, 1, 1, 1, 1457119296),
(50, 4, 1, 1, 1, 2, 1457119300),
(50, 6, 1, 1, 0, 1, 1457119311),
(50, 6, 1, 1, 0, 2, 1457119313),
(50, 6, 1, 1, 1, 3, 1457119315),
(50, 30, 1, 1, 1, 1, 1457119326),
(50, 15, 0, 0, 0, 1, 1457119333),
(50, 15, 0, 1, 0, 2, 1457119336),
(50, 10, 0, 0, 1, 1, 1457119342),
(50, 10, 0, 0, 1, 2, 1457119344),
(50, 10, 1, 0, 1, 3, 1457119346),
(50, 10, 1, 1, 1, 4, 1457119348),
(50, 19, 0, 0, 0, 1, 1457119356),
(50, 19, 0, 0, 0, 2, 1457119357),
(50, 19, 0, 0, 0, 3, 1457119358),
(50, 19, 0, 0, 0, 4, 1457119359),
(50, 19, 0, 0, 0, 5, 1457119360),
(50, 19, 3, 3, 3, 6, 1457119360),
(50, 19, 3, 3, 3, 7, 1457119360),
(50, 19, 3, 3, 3, 8, 1457119360),
(50, 14, 1, 0, 0, 1, 1457119365),
(50, 27, 0, 0, 0, 1, 1457119370),
(50, 27, 0, 0, 0, 2, 1457119372),
(50, 27, 1, 1, 1, 3, 1457119379),
(50, 7, 1, 1, 1, 1, 1457119693),
(50, 8, 1, 1, 1, 1, 1457119703),
(50, 9, 1, 1, 1, 1, 1457119712),
(50, 11, 1, 1, 1, 1, 1457119725),
(50, 12, 1, 1, 1, 1, 1457119732),
(50, 13, 1, 1, 1, 1, 1457119740),
(50, 14, 1, 1, 1, 2, 1457119750),
(50, 15, 1, 1, 1, 3, 1457119758),
(50, 16, 1, 1, 1, 1, 1457119771),
(50, 17, 1, 1, 1, 1, 1457119779),
(50, 18, 1, 1, 1, 1, 1457119789),
(50, 20, 1, 1, 1, 1, 1457119799),
(50, 21, 1, 1, 1, 1, 1457119807),
(50, 22, 1, 1, 1, 1, 1457119815),
(50, 23, 1, 1, 1, 1, 1457119826),
(50, 24, 1, 1, 1, 1, 1457119836),
(50, 25, 1, 1, 1, 1, 1457119846),
(50, 26, 1, 1, 1, 1, 1457119856),
(50, 28, 1, 1, 1, 1, 1457119871),
(50, 29, 1, 1, 1, 1, 1457119881),
(50, 31, 1, 1, 1, 1, 1457119892),
(50, 32, 1, 1, 1, 1, 1457119903),
(50, 33, 1, 1, 1, 1, 1457119914),
(50, 34, 1, 1, 1, 1, 1457119924),
(50, 35, 1, 1, 1, 1, 1457119934),
(50, 36, 1, 1, 1, 1, 1457119949),
(50, 37, 1, 1, 1, 1, 1457119956),
(50, 38, 1, 1, 1, 1, 1457119967),
(50, 39, 1, 1, 1, 1, 1457119977),
(50, 40, 1, 1, 1, 1, 1457119989),
(50, 40, 4, 4, 4, 2, 1457120002),
(50, 40, 4, 4, 4, 3, 1457120004),
(50, 40, 4, 4, 4, 4, 1457120004),
(50, 40, 4, 4, 4, 5, 1457120004),
(50, 40, 4, 4, 4, 6, 1457120004),
(50, 40, 4, 4, 4, 7, 1457120005),
(50, 40, 4, 4, 4, 8, 1457120005),
(50, 40, 4, 4, 4, 9, 1457120005),
(1, 1, 0, 1, 1, 1, 1457121666),
(1, 1, 0, 1, 1, 2, 1457121668),
(1, 1, 0, 1, 1, 3, 1457121668),
(1, 1, 0, 1, 1, 4, 1457121668),
(1, 1, 0, 1, 1, 5, 1457121668),
(1, 1, 3, 3, 3, 6, 1457121669),
(1, 1, 3, 3, 3, 7, 1457121669),
(1, 1, 3, 3, 3, 8, 1457121669),
(1, 2, 0, 0, 0, 1, 1457121680),
(1, 2, 0, 0, 1, 2, 1457121682),
(1, 2, 0, 1, 1, 3, 1457121685),
(1, 2, 0, 1, 1, 4, 1457121687),
(1, 2, 0, 1, 1, 5, 1457121689),
(1, 2, 3, 3, 3, 6, 1457121692),
(1, 3, 1, 1, 1, 1, 1457121701),
(1, 4, 1, 1, 1, 1, 1457121716),
(1, 5, 1, 0, 1, 1, 1457121728),
(1, 5, 1, 1, 1, 2, 1457121732);

-- --------------------------------------------------------

--
-- Table structure for table `team_data`
--

CREATE TABLE IF NOT EXISTS `team_data` (
  `team_id` int(8) NOT NULL,
  `team_nickname` varchar(50) NOT NULL,
  `password` varchar(8) NOT NULL,
  `points` int(8) NOT NULL,
  `rank_freetime` int(8) NOT NULL,
  `last_checkin_time` int(18) NOT NULL,
  `last_point` int(18) NOT NULL,
  `rank_final` int(8) NOT NULL,
  `history` varchar(150) NOT NULL,
  `attempts` varchar(150) NOT NULL
) ENGINE=InnoDB DEFAULT CHARSET=latin1;

--
-- Dumping data for table `team_data`
--

INSERT INTO `team_data` (`team_id`, `team_nickname`, `password`, `points`, `rank_freetime`, `last_checkin_time`, `last_point`, `rank_final`, `history`, `attempts`) VALUES
(1, '', 'N94PSJ', 28, 2, 1457121732, 1457121732, 50, '3;3;1;1;1;0;0;0;0;0;0;0;0;0;0;0;0;0;0;0;0;0;0;0;0;0;0;0;0;0;0;0;0;0;0;0;0;0;0;0', '8;6;1;1;2;0;0;0;0;0;0;0;0;0;0;0;0;0;0;0;0;0;0;0;0;0;0;0;0;0;0;0;0;0;0;0;0;0;0;0'),
(2, '', 'F2FTQE', 0, 50, 0, 0, 36, '0;0;0;0;0;0;0;0;0;0;0;0;0;0;0;0;0;0;0;0;0;0;0;0;0;0;0;0;0;0;0;0;0;0;0;0;0;0;0;0', '0;0;0;0;0;0;0;0;0;0;0;0;0;0;0;0;0;0;0;0;0;0;0;0;0;0;0;0;0;0;0;0;0;0;0;0;0;0;0;0'),
(3, '', 'BDDUN6', 0, 37, 0, 0, 35, '0;0;0;0;0;0;0;0;0;0;0;0;0;0;0;0;0;0;0;0;0;0;0;0;0;0;0;0;0;0;0;0;0;0;0;0;0;0;0;0', '0;0;0;0;0;0;0;0;0;0;0;0;0;0;0;0;0;0;0;0;0;0;0;0;0;0;0;0;0;0;0;0;0;0;0;0;0;0;0;0'),
(4, '', 'FX6GBR', 0, 36, 0, 0, 34, '0;0;0;0;0;0;0;0;0;0;0;0;0;0;0;0;0;0;0;0;0;0;0;0;0;0;0;0;0;0;0;0;0;0;0;0;0;0;0;0', '0;0;0;0;0;0;0;0;0;0;0;0;0;0;0;0;0;0;0;0;0;0;0;0;0;0;0;0;0;0;0;0;0;0;0;0;0;0;0;0'),
(5, '', '341Y3H', 0, 35, 0, 0, 33, '0;0;0;0;0;0;0;0;0;0;0;0;0;0;0;0;0;0;0;0;0;0;0;0;0;0;0;0;0;0;0;0;0;0;0;0;0;0;0;0', '0;0;0;0;0;0;0;0;0;0;0;0;0;0;0;0;0;0;0;0;0;0;0;0;0;0;0;0;0;0;0;0;0;0;0;0;0;0;0;0'),
(6, '', '1LEE89', 0, 34, 0, 0, 32, '0;0;0;0;0;0;0;0;0;0;0;0;0;0;0;0;0;0;0;0;0;0;0;0;0;0;0;0;0;0;0;0;0;0;0;0;0;0;0;0', '0;0;0;0;0;0;0;0;0;0;0;0;0;0;0;0;0;0;0;0;0;0;0;0;0;0;0;0;0;0;0;0;0;0;0;0;0;0;0;0'),
(7, '', 'S872ES', 0, 33, 0, 0, 31, '0;0;0;0;0;0;0;0;0;0;0;0;0;0;0;0;0;0;0;0;0;0;0;0;0;0;0;0;0;0;0;0;0;0;0;0;0;0;0;0', '0;0;0;0;0;0;0;0;0;0;0;0;0;0;0;0;0;0;0;0;0;0;0;0;0;0;0;0;0;0;0;0;0;0;0;0;0;0;0;0'),
(8, '', 'UL1FMX', 0, 32, 0, 0, 30, '0;0;0;0;0;0;0;0;0;0;0;0;0;0;0;0;0;0;0;0;0;0;0;0;0;0;0;0;0;0;0;0;0;0;0;0;0;0;0;0', '0;0;0;0;0;0;0;0;0;0;0;0;0;0;0;0;0;0;0;0;0;0;0;0;0;0;0;0;0;0;0;0;0;0;0;0;0;0;0;0'),
(9, '', 'VZJPLU', 0, 31, 0, 0, 29, '0;0;0;0;0;0;0;0;0;0;0;0;0;0;0;0;0;0;0;0;0;0;0;0;0;0;0;0;0;0;0;0;0;0;0;0;0;0;0;0', '0;0;0;0;0;0;0;0;0;0;0;0;0;0;0;0;0;0;0;0;0;0;0;0;0;0;0;0;0;0;0;0;0;0;0;0;0;0;0;0'),
(10, '', '1XGT3A', 0, 30, 0, 0, 28, '0;0;0;0;0;0;0;0;0;0;0;0;0;0;0;0;0;0;0;0;0;0;0;0;0;0;0;0;0;0;0;0;0;0;0;0;0;0;0;0', '0;0;0;0;0;0;0;0;0;0;0;0;0;0;0;0;0;0;0;0;0;0;0;0;0;0;0;0;0;0;0;0;0;0;0;0;0;0;0;0'),
(11, '', '776V1X', 0, 29, 0, 0, 27, '0;0;0;0;0;0;0;0;0;0;0;0;0;0;0;0;0;0;0;0;0;0;0;0;0;0;0;0;0;0;0;0;0;0;0;0;0;0;0;0', '0;0;0;0;0;0;0;0;0;0;0;0;0;0;0;0;0;0;0;0;0;0;0;0;0;0;0;0;0;0;0;0;0;0;0;0;0;0;0;0'),
(12, '', '97MAUE', 0, 28, 0, 0, 37, '0;0;0;0;0;0;0;0;0;0;0;0;0;0;0;0;0;0;0;0;0;0;0;0;0;0;0;0;0;0;0;0;0;0;0;0;0;0;0;0', '0;0;0;0;0;0;0;0;0;0;0;0;0;0;0;0;0;0;0;0;0;0;0;0;0;0;0;0;0;0;0;0;0;0;0;0;0;0;0;0'),
(13, '', '95T4LU', 0, 38, 0, 0, 38, '0;0;0;0;0;0;0;0;0;0;0;0;0;0;0;0;0;0;0;0;0;0;0;0;0;0;0;0;0;0;0;0;0;0;0;0;0;0;0;0', '0;0;0;0;0;0;0;0;0;0;0;0;0;0;0;0;0;0;0;0;0;0;0;0;0;0;0;0;0;0;0;0;0;0;0;0;0;0;0;0'),
(14, '', 'QDX7GT', 0, 39, 0, 0, 39, '0;0;0;0;0;0;0;0;0;0;0;0;0;0;0;0;0;0;0;0;0;0;0;0;0;0;0;0;0;0;0;0;0;0;0;0;0;0;0;0', '0;0;0;0;0;0;0;0;0;0;0;0;0;0;0;0;0;0;0;0;0;0;0;0;0;0;0;0;0;0;0;0;0;0;0;0;0;0;0;0'),
(15, '', 'WLLHRU', 0, 49, 0, 0, 49, '0;0;0;0;0;0;0;0;0;0;0;0;0;0;0;0;0;0;0;0;0;0;0;0;0;0;0;0;0;0;0;0;0;0;0;0;0;0;0;0', '0;0;0;0;0;0;0;0;0;0;0;0;0;0;0;0;0;0;0;0;0;0;0;0;0;0;0;0;0;0;0;0;0;0;0;0;0;0;0;0'),
(16, '', '118B7H', 0, 48, 0, 0, 48, '0;0;0;0;0;0;0;0;0;0;0;0;0;0;0;0;0;0;0;0;0;0;0;0;0;0;0;0;0;0;0;0;0;0;0;0;0;0;0;0', '0;0;0;0;0;0;0;0;0;0;0;0;0;0;0;0;0;0;0;0;0;0;0;0;0;0;0;0;0;0;0;0;0;0;0;0;0;0;0;0'),
(17, '', 'JU6JCR', 0, 47, 0, 0, 47, '0;0;0;0;0;0;0;0;0;0;0;0;0;0;0;0;0;0;0;0;0;0;0;0;0;0;0;0;0;0;0;0;0;0;0;0;0;0;0;0', '0;0;0;0;0;0;0;0;0;0;0;0;0;0;0;0;0;0;0;0;0;0;0;0;0;0;0;0;0;0;0;0;0;0;0;0;0;0;0;0'),
(18, '', 'B6YWP2', 0, 46, 0, 0, 46, '0;0;0;0;0;0;0;0;0;0;0;0;0;0;0;0;0;0;0;0;0;0;0;0;0;0;0;0;0;0;0;0;0;0;0;0;0;0;0;0', '0;0;0;0;0;0;0;0;0;0;0;0;0;0;0;0;0;0;0;0;0;0;0;0;0;0;0;0;0;0;0;0;0;0;0;0;0;0;0;0'),
(19, '', '2MP8US', 0, 45, 0, 0, 45, '0;0;0;0;0;0;0;0;0;0;0;0;0;0;0;0;0;0;0;0;0;0;0;0;0;0;0;0;0;0;0;0;0;0;0;0;0;0;0;0', '0;0;0;0;0;0;0;0;0;0;0;0;0;0;0;0;0;0;0;0;0;0;0;0;0;0;0;0;0;0;0;0;0;0;0;0;0;0;0;0'),
(20, '', 'BB2Q2F', 0, 44, 0, 0, 44, '0;0;0;0;0;0;0;0;0;0;0;0;0;0;0;0;0;0;0;0;0;0;0;0;0;0;0;0;0;0;0;0;0;0;0;0;0;0;0;0', '0;0;0;0;0;0;0;0;0;0;0;0;0;0;0;0;0;0;0;0;0;0;0;0;0;0;0;0;0;0;0;0;0;0;0;0;0;0;0;0'),
(21, '', 'W9T54S', 0, 43, 0, 0, 43, '0;0;0;0;0;0;0;0;0;0;0;0;0;0;0;0;0;0;0;0;0;0;0;0;0;0;0;0;0;0;0;0;0;0;0;0;0;0;0;0', '0;0;0;0;0;0;0;0;0;0;0;0;0;0;0;0;0;0;0;0;0;0;0;0;0;0;0;0;0;0;0;0;0;0;0;0;0;0;0;0'),
(22, '', '5JW3X8', 0, 42, 0, 0, 42, '0;0;0;0;0;0;0;0;0;0;0;0;0;0;0;0;0;0;0;0;0;0;0;0;0;0;0;0;0;0;0;0;0;0;0;0;0;0;0;0', '0;0;0;0;0;0;0;0;0;0;0;0;0;0;0;0;0;0;0;0;0;0;0;0;0;0;0;0;0;0;0;0;0;0;0;0;0;0;0;0'),
(23, '', 'ZKQAKZ', 0, 41, 0, 0, 41, '0;0;0;0;0;0;0;0;0;0;0;0;0;0;0;0;0;0;0;0;0;0;0;0;0;0;0;0;0;0;0;0;0;0;0;0;0;0;0;0', '0;0;0;0;0;0;0;0;0;0;0;0;0;0;0;0;0;0;0;0;0;0;0;0;0;0;0;0;0;0;0;0;0;0;0;0;0;0;0;0'),
(24, '', 'EBDSJF', 0, 40, 0, 0, 40, '0;0;0;0;0;0;0;0;0;0;0;0;0;0;0;0;0;0;0;0;0;0;0;0;0;0;0;0;0;0;0;0;0;0;0;0;0;0;0;0', '0;0;0;0;0;0;0;0;0;0;0;0;0;0;0;0;0;0;0;0;0;0;0;0;0;0;0;0;0;0;0;0;0;0;0;0;0;0;0;0'),
(25, '', 'NR1748', 0, 27, 0, 0, 26, '0;0;0;0;0;0;0;0;0;0;0;0;0;0;0;0;0;0;0;0;0;0;0;0;0;0;0;0;0;0;0;0;0;0;0;0;0;0;0;0', '0;0;0;0;0;0;0;0;0;0;0;0;0;0;0;0;0;0;0;0;0;0;0;0;0;0;0;0;0;0;0;0;0;0;0;0;0;0;0;0'),
(26, '', 'CRX3HM', 0, 26, 0, 0, 25, '0;0;0;0;0;0;0;0;0;0;0;0;0;0;0;0;0;0;0;0;0;0;0;0;0;0;0;0;0;0;0;0;0;0;0;0;0;0;0;0', '0;0;0;0;0;0;0;0;0;0;0;0;0;0;0;0;0;0;0;0;0;0;0;0;0;0;0;0;0;0;0;0;0;0;0;0;0;0;0;0'),
(27, '', 'VMXX5R', 0, 25, 0, 0, 11, '0;0;0;0;0;0;0;0;0;0;0;0;0;0;0;0;0;0;0;0;0;0;0;0;0;0;0;0;0;0;0;0;0;0;0;0;0;0;0;0', '0;0;0;0;0;0;0;0;0;0;0;0;0;0;0;0;0;0;0;0;0;0;0;0;0;0;0;0;0;0;0;0;0;0;0;0;0;0;0;0'),
(28, '', 'LAGRYS', 0, 8, 0, 0, 10, '0;0;0;0;0;0;0;0;0;0;0;0;0;0;0;0;0;0;0;0;0;0;0;0;0;0;0;0;0;0;0;0;0;0;0;0;0;0;0;0', '0;0;0;0;0;0;0;0;0;0;0;0;0;0;0;0;0;0;0;0;0;0;0;0;0;0;0;0;0;0;0;0;0;0;0;0;0;0;0;0'),
(29, '', '1G2ZLB', 0, 3, 0, 0, 9, '0;0;0;0;0;0;0;0;0;0;0;0;0;0;0;0;0;0;0;0;0;0;0;0;0;0;0;0;0;0;0;0;0;0;0;0;0;0;0;0', '0;0;0;0;0;0;0;0;0;0;0;0;0;0;0;0;0;0;0;0;0;0;0;0;0;0;0;0;0;0;0;0;0;0;0;0;0;0;0;0'),
(30, '', '91C3MG', 0, 11, 0, 0, 8, '0;0;0;0;0;0;0;0;0;0;0;0;0;0;0;0;0;0;0;0;0;0;0;0;0;0;0;0;0;0;0;0;0;0;0;0;0;0;0;0', '0;0;0;0;0;0;0;0;0;0;0;0;0;0;0;0;0;0;0;0;0;0;0;0;0;0;0;0;0;0;0;0;0;0;0;0;0;0;0;0'),
(31, '', '14KEU8', 0, 10, 0, 0, 7, '0;0;0;0;0;0;0;0;0;0;0;0;0;0;0;0;0;0;0;0;0;0;0;0;0;0;0;0;0;0;0;0;0;0;0;0;0;0;0;0', '0;0;0;0;0;0;0;0;0;0;0;0;0;0;0;0;0;0;0;0;0;0;0;0;0;0;0;0;0;0;0;0;0;0;0;0;0;0;0;0'),
(32, '', '2GJUKQ', 0, 9, 0, 0, 6, '0;0;0;0;0;0;0;0;0;0;0;0;0;0;0;0;0;0;0;0;0;0;0;0;0;0;0;0;0;0;0;0;0;0;0;0;0;0;0;0', '0;0;0;0;0;0;0;0;0;0;0;0;0;0;0;0;0;0;0;0;0;0;0;0;0;0;0;0;0;0;0;0;0;0;0;0;0;0;0;0'),
(33, '', '9R4RTA', 0, 12, 0, 0, 5, '0;0;0;0;0;0;0;0;0;0;0;0;0;0;0;0;0;0;0;0;0;0;0;0;0;0;0;0;0;0;0;0;0;0;0;0;0;0;0;0', '0;0;0;0;0;0;0;0;0;0;0;0;0;0;0;0;0;0;0;0;0;0;0;0;0;0;0;0;0;0;0;0;0;0;0;0;0;0;0;0'),
(34, '', '4NDCJ2', 0, 7, 0, 0, 4, '0;0;0;0;0;0;0;0;0;0;0;0;0;0;0;0;0;0;0;0;0;0;0;0;0;0;0;0;0;0;0;0;0;0;0;0;0;0;0;0', '0;0;0;0;0;0;0;0;0;0;0;0;0;0;0;0;0;0;0;0;0;0;0;0;0;0;0;0;0;0;0;0;0;0;0;0;0;0;0;0'),
(35, '', 'N8VZWS', 0, 6, 0, 0, 3, '0;0;0;0;0;0;0;0;0;0;0;0;0;0;0;0;0;0;0;0;0;0;0;0;0;0;0;0;0;0;0;0;0;0;0;0;0;0;0;0', '0;0;0;0;0;0;0;0;0;0;0;0;0;0;0;0;0;0;0;0;0;0;0;0;0;0;0;0;0;0;0;0;0;0;0;0;0;0;0;0'),
(36, '', '34UCMG', 0, 5, 0, 0, 2, '0;0;0;0;0;0;0;0;0;0;0;0;0;0;0;0;0;0;0;0;0;0;0;0;0;0;0;0;0;0;0;0;0;0;0;0;0;0;0;0', '0;0;0;0;0;0;0;0;0;0;0;0;0;0;0;0;0;0;0;0;0;0;0;0;0;0;0;0;0;0;0;0;0;0;0;0;0;0;0;0'),
(37, '', 'MTGQ2F', 0, 4, 0, 0, 12, '0;0;0;0;0;0;0;0;0;0;0;0;0;0;0;0;0;0;0;0;0;0;0;0;0;0;0;0;0;0;0;0;0;0;0;0;0;0;0;0', '0;0;0;0;0;0;0;0;0;0;0;0;0;0;0;0;0;0;0;0;0;0;0;0;0;0;0;0;0;0;0;0;0;0;0;0;0;0;0;0'),
(38, '', '4V95HK', 0, 15, 0, 0, 13, '0;0;0;0;0;0;0;0;0;0;0;0;0;0;0;0;0;0;0;0;0;0;0;0;0;0;0;0;0;0;0;0;0;0;0;0;0;0;0;0', '0;0;0;0;0;0;0;0;0;0;0;0;0;0;0;0;0;0;0;0;0;0;0;0;0;0;0;0;0;0;0;0;0;0;0;0;0;0;0;0'),
(39, '', '294WLL', 0, 13, 0, 0, 14, '0;0;0;0;0;0;0;0;0;0;0;0;0;0;0;0;0;0;0;0;0;0;0;0;0;0;0;0;0;0;0;0;0;0;0;0;0;0;0;0', '0;0;0;0;0;0;0;0;0;0;0;0;0;0;0;0;0;0;0;0;0;0;0;0;0;0;0;0;0;0;0;0;0;0;0;0;0;0;0;0'),
(40, '', 'WFMHCB', 0, 14, 0, 0, 24, '0;0;0;0;0;0;0;0;0;0;0;0;0;0;0;0;0;0;0;0;0;0;0;0;0;0;0;0;0;0;0;0;0;0;0;0;0;0;0;0', '0;0;0;0;0;0;0;0;0;0;0;0;0;0;0;0;0;0;0;0;0;0;0;0;0;0;0;0;0;0;0;0;0;0;0;0;0;0;0;0'),
(41, '', 'CVE4HZ', 0, 24, 0, 0, 23, '0;0;0;0;0;0;0;0;0;0;0;0;0;0;0;0;0;0;0;0;0;0;0;0;0;0;0;0;0;0;0;0;0;0;0;0;0;0;0;0', '0;0;0;0;0;0;0;0;0;0;0;0;0;0;0;0;0;0;0;0;0;0;0;0;0;0;0;0;0;0;0;0;0;0;0;0;0;0;0;0'),
(42, '', 'KXAQSA', 0, 23, 0, 0, 22, '0;0;0;0;0;0;0;0;0;0;0;0;0;0;0;0;0;0;0;0;0;0;0;0;0;0;0;0;0;0;0;0;0;0;0;0;0;0;0;0', '0;0;0;0;0;0;0;0;0;0;0;0;0;0;0;0;0;0;0;0;0;0;0;0;0;0;0;0;0;0;0;0;0;0;0;0;0;0;0;0'),
(43, '', 'EEJD5X', 0, 22, 0, 0, 21, '0;0;0;0;0;0;0;0;0;0;0;0;0;0;0;0;0;0;0;0;0;0;0;0;0;0;0;0;0;0;0;0;0;0;0;0;0;0;0;0', '0;0;0;0;0;0;0;0;0;0;0;0;0;0;0;0;0;0;0;0;0;0;0;0;0;0;0;0;0;0;0;0;0;0;0;0;0;0;0;0'),
(44, '', 'SS6KZJ', 0, 21, 0, 0, 20, '0;0;0;0;0;0;0;0;0;0;0;0;0;0;0;0;0;0;0;0;0;0;0;0;0;0;0;0;0;0;0;0;0;0;0;0;0;0;0;0', '0;0;0;0;0;0;0;0;0;0;0;0;0;0;0;0;0;0;0;0;0;0;0;0;0;0;0;0;0;0;0;0;0;0;0;0;0;0;0;0'),
(45, '', 'P759F6', 0, 20, 0, 0, 19, '0;0;0;0;0;0;0;0;0;0;0;0;0;0;0;0;0;0;0;0;0;0;0;0;0;0;0;0;0;0;0;0;0;0;0;0;0;0;0;0', '0;0;0;0;0;0;0;0;0;0;0;0;0;0;0;0;0;0;0;0;0;0;0;0;0;0;0;0;0;0;0;0;0;0;0;0;0;0;0;0'),
(46, '', 'P2NBMH', 0, 19, 0, 0, 18, '0;0;0;0;0;0;0;0;0;0;0;0;0;0;0;0;0;0;0;0;0;0;0;0;0;0;0;0;0;0;0;0;0;0;0;0;0;0;0;0', '0;0;0;0;0;0;0;0;0;0;0;0;0;0;0;0;0;0;0;0;0;0;0;0;0;0;0;0;0;0;0;0;0;0;0;0;0;0;0;0'),
(47, '', '2ZDQT1', 0, 18, 0, 0, 17, '0;0;0;0;0;0;0;0;0;0;0;0;0;0;0;0;0;0;0;0;0;0;0;0;0;0;0;0;0;0;0;0;0;0;0;0;0;0;0;0', '0;0;0;0;0;0;0;0;0;0;0;0;0;0;0;0;0;0;0;0;0;0;0;0;0;0;0;0;0;0;0;0;0;0;0;0;0;0;0;0'),
(48, '', 'YAPSTA', 0, 17, 0, 0, 16, '0;0;0;0;0;0;0;0;0;0;0;0;0;0;0;0;0;0;0;0;0;0;0;0;0;0;0;0;0;0;0;0;0;0;0;0;0;0;0;0', '0;0;0;0;0;0;0;0;0;0;0;0;0;0;0;0;0;0;0;0;0;0;0;0;0;0;0;0;0;0;0;0;0;0;0;0;0;0;0;0'),
(49, '', 'W2XC59', 0, 16, 0, 0, 15, '0;0;0;0;0;0;0;0;0;0;0;0;0;0;0;0;0;0;0;0;0;0;0;0;0;0;0;0;0;0;0;0;0;0;0;0;0;0;0;0', '0;0;0;0;0;0;0;0;0;0;0;0;0;0;0;0;0;0;0;0;0;0;0;0;0;0;0;0;0;0;0;0;0;0;0;0;0;0;0;0'),
(50, '', 'RHN79E', 368, 1, 1457120005, 1457119989, 1, '1;1;1;1;1;1;1;1;1;1;1;1;1;1;1;1;1;1;3;1;1;1;1;1;1;1;1;1;1;1;1;1;1;1;1;1;1;1;1;1', '1;1;1;2;1;3;1;1;1;4;1;1;1;2;3;1;1;1;8;1;1;1;1;1;1;1;3;1;1;1;1;1;1;1;1;1;1;1;1;9');

/*!40101 SET CHARACTER_SET_CLIENT=@OLD_CHARACTER_SET_CLIENT */;
/*!40101 SET CHARACTER_SET_RESULTS=@OLD_CHARACTER_SET_RESULTS */;
/*!40101 SET COLLATION_CONNECTION=@OLD_COLLATION_CONNECTION */;
